course_title,tags
(ISC)² Systems Security Certified Practitioner (SSCP),(ISC)² Systems Security Certified Practitioner (SSCP) (ISC)² SPECIALIZATION Beginner
A Crash Course in Causality:  Inferring Causal Effects from Observational Data,A Crash Course in Causality:  Inferring Causal Effects from Observational Data University of Pennsylvania COURSE Intermediate
A Crash Course in Data Science,A Crash Course in Data Science Johns Hopkins University COURSE Mixed
A Law Student's Toolkit,A Law Student's Toolkit Yale University COURSE Mixed
A Life of Happiness and Fulfillment,A Life of Happiness and Fulfillment Indian School of Business COURSE Mixed
ADHD: Everyday Strategies for Elementary Students,ADHD: Everyday Strategies for Elementary Students University at Buffalo COURSE Beginner
AI For Everyone,AI For Everyone deeplearning.ai COURSE Beginner
AI For Medical Treatment,AI For Medical Treatment deeplearning.ai COURSE Intermediate
AI Foundations for Everyone,AI Foundations for Everyone IBM SPECIALIZATION Beginner
AI for Medical Diagnosis,AI for Medical Diagnosis deeplearning.ai COURSE Intermediate
AI for Medical Prognosis,AI for Medical Prognosis deeplearning.ai COURSE Intermediate
AI for Medicine,AI for Medicine deeplearning.ai SPECIALIZATION Intermediate
AWS Fundamentals,AWS Fundamentals Amazon Web Services SPECIALIZATION Beginner
AWS Fundamentals: Addressing Security Risk,AWS Fundamentals: Addressing Security Risk Amazon Web Services COURSE Beginner
AWS Fundamentals: Building Serverless Applications,AWS Fundamentals: Building Serverless Applications Amazon Web Services COURSE Beginner
AWS Fundamentals: Going Cloud-Native,AWS Fundamentals: Going Cloud-Native Amazon Web Services COURSE Beginner
AWS Fundamentals: Migrating to the Cloud,AWS Fundamentals: Migrating to the Cloud Amazon Web Services COURSE Intermediate
Aboriginal Worldviews and Education,Aboriginal Worldviews and Education University of Toronto COURSE Mixed
Academic English: Writing,"Academic English: Writing University of California, Irvine SPECIALIZATION Beginner"
Accelerated Computer Science Fundamentals,Accelerated Computer Science Fundamentals University of Illinois at Urbana-Champaign SPECIALIZATION Intermediate
Access Controls,Access Controls (ISC)² COURSE Beginner
Accounting Analytics,Accounting Analytics University of Pennsylvania COURSE Mixed
Accounting for Decision Making,Accounting for Decision Making University of Michigan COURSE Intermediate
Achieving Personal and Professional Success,Achieving Personal and Professional Success University of Pennsylvania SPECIALIZATION Beginner
Actualización en el manejo del paciente con diabetes mellitus tipo 2,Actualización en el manejo del paciente con diabetes mellitus tipo 2 Universidad Nacional Autónoma de México COURSE Mixed
Addiction Treatment: Clinical Skills for Healthcare Providers,Addiction Treatment: Clinical Skills for Healthcare Providers Yale University COURSE Beginner
Advanced Business Analytics,Advanced Business Analytics University of Colorado Boulder SPECIALIZATION Intermediate
Advanced Data Science with IBM,Advanced Data Science with IBM IBM SPECIALIZATION Advanced
Advanced Machine Learning,Advanced Machine Learning National Research University Higher School of Economics SPECIALIZATION Advanced
Advanced Machine Learning with TensorFlow on Google Cloud Platform,Advanced Machine Learning with TensorFlow on Google Cloud Platform Google Cloud SPECIALIZATION Advanced
"Advanced Valuation and Strategy - M&A, Private Equity, and Venture Capital","Advanced Valuation and Strategy - M&A, Private Equity, and Venture Capital Erasmus University Rotterdam COURSE Advanced"
Advertising and Society,Advertising and Society Duke University COURSE Mixed
Age of Cathedrals,Age of Cathedrals Yale University COURSE Beginner
Agile Development,Agile Development University of Virginia SPECIALIZATION Beginner
Agile Meets Design Thinking,Agile Meets Design Thinking University of Virginia COURSE Beginner
Agile with Atlassian Jira,Agile with Atlassian Jira Atlassian COURSE Beginner
Agile и Scrum в работе над проектами и продуктами,Agile и Scrum в работе над проектами и продуктами ScrumTrek COURSE Beginner
Algorithmic Toolbox,Algorithmic Toolbox University of California San Diego COURSE Intermediate
Algorithms,Algorithms Stanford University SPECIALIZATION Intermediate
Algorithms for Battery Management Systems,Algorithms for Battery Management Systems University of Colorado System SPECIALIZATION Intermediate
American Contract Law I,American Contract Law I Yale University COURSE Beginner
An Introduction to American Law,An Introduction to American Law University of Pennsylvania COURSE Beginner
An Introduction to Consumer Neuroscience & Neuromarketing,An Introduction to Consumer Neuroscience & Neuromarketing Copenhagen Business School COURSE Beginner
An Introduction to Programming the Internet of Things (IOT),"An Introduction to Programming the Internet of Things (IOT) University of California, Irvine SPECIALIZATION Beginner"
Analysing: Numeric and digital literacies,Analysing: Numeric and digital literacies Macquarie University SPECIALIZATION Beginner
Anatomy,Anatomy University of Michigan SPECIALIZATION Beginner
"Anatomy of the Chest, Abdomen, and Pelvis","Anatomy of the Chest, Abdomen, and Pelvis Yale University COURSE Intermediate"
Anatomy: Musculoskeletal and Integumentary Systems,Anatomy: Musculoskeletal and Integumentary Systems University of Michigan COURSE Beginner
Ancient Philosophy: Aristotle and His Successors,Ancient Philosophy: Aristotle and His Successors University of Pennsylvania COURSE Mixed
Android App Development,Android App Development Vanderbilt University SPECIALIZATION Beginner
Animal Behaviour and Welfare,Animal Behaviour and Welfare The University of Edinburgh COURSE Mixed
Antibiotic Stewardship,Antibiotic Stewardship Stanford University COURSE Advanced
Anticorrupción: Introducción a conceptos y perspectiva práctica,Anticorrupción: Introducción a conceptos y perspectiva práctica Universidad Nacional Autónoma de México COURSE Beginner
Antimicrobial resistance - theory and methods,Antimicrobial resistance - theory and methods Technical University of Denmark (DTU) COURSE Intermediate
Applied Data Science,Applied Data Science IBM SPECIALIZATION Beginner
Applied Data Science Capstone,Applied Data Science Capstone IBM COURSE Intermediate
Applied Data Science with Python,Applied Data Science with Python University of Michigan SPECIALIZATION Intermediate
Applied Machine Learning in Python,Applied Machine Learning in Python University of Michigan COURSE Intermediate
"Applied Plotting, Charting & Data Representation in Python","Applied Plotting, Charting & Data Representation in Python University of Michigan COURSE Intermediate"
Aprende a programar con Python,Aprende a programar con Python Universidad Austral SPECIALIZATION Beginner
Aprender,Aprender Universidad Nacional Autónoma de México COURSE Mixed
Aprendiendo a aprender: Poderosas herramientas mentales con las que podrás dominar temas difíciles (Learning How to Learn),Aprendiendo a aprender: Poderosas herramientas mentales con las que podrás dominar temas difíciles (Learning How to Learn) University of California San Diego COURSE Beginner
Architecting with Google Cloud Platform 日本語版,Architecting with Google Cloud Platform 日本語版 Google Cloud SPECIALIZATION Intermediate
Architecting with Google Compute Engine,Architecting with Google Compute Engine Google Cloud SPECIALIZATION Intermediate
Architecting with Google Kubernetes Engine 日本語版,Architecting with Google Kubernetes Engine 日本語版 Google Cloud SPECIALIZATION Beginner
Arizona State University TESOL,Arizona State University TESOL Arizona State University PROFESSIONAL CERTIFICATE Beginner
Art & Activity: Interactive Strategies for Engaging with Art,Art & Activity: Interactive Strategies for Engaging with Art The Museum of Modern Art COURSE Mixed
Art & Ideas: Teaching with Themes,Art & Ideas: Teaching with Themes The Museum of Modern Art COURSE Mixed
Arts and Culture Strategy,Arts and Culture Strategy National Arts Strategies COURSE Mixed
Arts and Heritage Management,Arts and Heritage Management Università Bocconi COURSE Mixed
Aspectos básicos de la planificación y la gestión de proyectos,Aspectos básicos de la planificación y la gestión de proyectos University of Virginia COURSE Beginner
Astrobiology and the Search for Extraterrestrial Life,Astrobiology and the Search for Extraterrestrial Life The University of Edinburgh COURSE Mixed
Atención Primaria en Salud: El desafío de las Enfermedades no Transmisibles,Atención Primaria en Salud: El desafío de las Enfermedades no Transmisibles Pontificia Universidad Católica de Chile COURSE Intermediate
Autism Spectrum Disorder,"Autism Spectrum Disorder University of California, Davis COURSE Mixed"
Autodesk CAD/CAM for Manufacturing,Autodesk CAD/CAM for Manufacturing Autodesk SPECIALIZATION Intermediate
Autodesk CAD/CAM/CAE for Mechanical Engineering,Autodesk CAD/CAM/CAE for Mechanical Engineering Autodesk SPECIALIZATION Intermediate
Autodesk Certified Professional: AutoCAD for Design and Drafting Exam Prep,Autodesk Certified Professional: AutoCAD for Design and Drafting Exam Prep Autodesk COURSE Advanced
Autodesk Certified Professional: Revit for Architectural Design Exam Prep,Autodesk Certified Professional: Revit for Architectural Design Exam Prep Autodesk COURSE Advanced
BIM Fundamentals for Engineers,BIM Fundamentals for Engineers National Taiwan University COURSE Beginner
Basic Statistics,Basic Statistics University of Amsterdam COURSE Beginner
Bayesian Statistics: From Concept to Data Analysis,"Bayesian Statistics: From Concept to Data Analysis University of California, Santa Cruz COURSE Intermediate"
Bayesian Statistics: Techniques and Models,"Bayesian Statistics: Techniques and Models University of California, Santa Cruz COURSE Intermediate"
Become a CBRS Certified Professional Installer by Google,Become a CBRS Certified Professional Installer by Google Google - Spectrum Sharing COURSE Mixed
Become a Journalist: Report the News!,Become a Journalist: Report the News! Michigan State University SPECIALIZATION Beginner
Become a Sustainable Business Change Agent,Become a Sustainable Business Change Agent University of Colorado System SPECIALIZATION Intermediate
Becoming a Sports Agent,Becoming a Sports Agent Case Western Reserve University COURSE Beginner
Becoming a changemaker: Introduction to Social Innovation,Becoming a changemaker: Introduction to Social Innovation University of Cape Town COURSE Beginner
Behavioral Finance,Behavioral Finance Duke University COURSE Mixed
Beyond the Sustainable Development Goals (SDGs): Addressing Sustainability and Development,Beyond the Sustainable Development Goals (SDGs): Addressing Sustainability and Development University of Michigan COURSE Mixed
Big Data – Introducción al uso práctico de datos masivos,Big Data – Introducción al uso práctico de datos masivos Universitat Autònoma de Barcelona SPECIALIZATION Beginner
Biohacking Your Brain's Health,Biohacking Your Brain's Health Emory University COURSE Beginner
Biology Meets Programming: Bioinformatics for Beginners,Biology Meets Programming: Bioinformatics for Beginners University of California San Diego COURSE Beginner
Biostatistics in Public Health,Biostatistics in Public Health Johns Hopkins University SPECIALIZATION Beginner
Blended Language Learning: Design and Practice for Teachers,Blended Language Learning: Design and Practice for Teachers University of Colorado Boulder COURSE Intermediate
Blockchain,Blockchain University at Buffalo SPECIALIZATION Intermediate
Blockchain Revolution,Blockchain Revolution INSEAD SPECIALIZATION Beginner
Blockchain Revolution in Financial Services,Blockchain Revolution in Financial Services INSEAD SPECIALIZATION Beginner
Blockchain: Foundations and Use Cases,Blockchain: Foundations and Use Cases ConsenSys Academy COURSE Beginner
Boosting Creativity for Innovation,Boosting Creativity for Innovation HEC Paris COURSE Beginner
"Brand Management: Aligning Business, Brand and Behaviour","Brand Management: Aligning Business, Brand and Behaviour London Business School COURSE Beginner"
Branding: The Creative Journey,Branding: The Creative Journey IE Business School SPECIALIZATION Beginner
Budgeting and Scheduling Projects,"Budgeting and Scheduling Projects University of California, Irvine COURSE Mixed"
Bugs 101: Insect-Human Interactions,Bugs 101: Insect-Human Interactions University of Alberta COURSE Beginner
Build a Modern Computer from First Principles: From Nand to Tetris (Project-Centered Course),Build a Modern Computer from First Principles: From Nand to Tetris (Project-Centered Course) Hebrew University of Jerusalem COURSE Mixed
Building Batch Data Pipelines on GCP,Building Batch Data Pipelines on GCP Google Cloud COURSE Intermediate
Building Conversational Experiences with Dialogflow,Building Conversational Experiences with Dialogflow Google Cloud COURSE Beginner
Building Resilient Streaming Analytics Systems on GCP,Building Resilient Streaming Analytics Systems on GCP Google Cloud COURSE Intermediate
Building Scalable Java Microservices with Spring Boot and Spring Cloud,Building Scalable Java Microservices with Spring Boot and Spring Cloud Google Cloud COURSE Intermediate
Building Your Leadership Skills,Building Your Leadership Skills HEC Paris COURSE Mixed
Business Analytics,Business Analytics University of Pennsylvania SPECIALIZATION Beginner
Business English,Business English Arizona State University SPECIALIZATION Intermediate
Business English Communication Skills,Business English Communication Skills University of Washington SPECIALIZATION Intermediate
Business English: Networking,Business English: Networking University of Washington COURSE Intermediate
Business Foundations,Business Foundations University of Pennsylvania SPECIALIZATION Beginner
Business Model Innovation,Business Model Innovation HEC Paris COURSE Mixed
Business Statistics and Analysis,Business Statistics and Analysis Rice University SPECIALIZATION Beginner
Business Strategies for A Better World,Business Strategies for A Better World University of Pennsylvania SPECIALIZATION Beginner
Business Strategy,Business Strategy University of Virginia SPECIALIZATION Beginner
Business Technology Management,Business Technology Management Indian School of Business SPECIALIZATION Beginner
Business Transformation with Google Cloud,Business Transformation with Google Cloud Google Cloud COURSE Beginner
Business Writing,Business Writing University of Colorado Boulder COURSE Beginner
Business and Financial Modeling,Business and Financial Modeling University of Pennsylvania SPECIALIZATION Beginner
C for Everyone: Programming Fundamentals,"C for Everyone: Programming Fundamentals University of California, Santa Cruz COURSE Beginner"
C# Programming for Unity Game Development,C# Programming for Unity Game Development University of Colorado System SPECIALIZATION Beginner
COVID-19 Contact Tracing,COVID-19 Contact Tracing Johns Hopkins University COURSE Beginner
COVID-19: What You Need to Know (CME Eligible),COVID-19: What You Need to Know (CME Eligible) Osmosis COURSE Beginner
"Cameras, Exposure, and Photography","Cameras, Exposure, and Photography Michigan State University COURSE Mixed"
Camino a la Excelencia en Gestión de Proyectos,Camino a la Excelencia en Gestión de Proyectos Pontificia Universidad Católica de Chile COURSE Beginner
"Capstone: Retrieving, Processing, and Visualizing Data with Python","Capstone: Retrieving, Processing, and Visualizing Data with Python University of Michigan COURSE Mixed"
Career Success,"Career Success University of California, Irvine SPECIALIZATION Beginner"
Challenging Forensic Science: How Science Should Speak to Court,Challenging Forensic Science: How Science Should Speak to Court University of Lausanne COURSE Beginner
Chemicals and Health,Chemicals and Health Johns Hopkins University COURSE Beginner
Chicken Behaviour and Welfare,Chicken Behaviour and Welfare The University of Edinburgh COURSE Mixed
Child Nutrition and Cooking,Child Nutrition and Cooking Stanford University COURSE Beginner
Chinese for HSK 1,Chinese for HSK 1 Peking University COURSE Beginner
Cisco Networking Basics,Cisco Networking Basics Cisco SPECIALIZATION Beginner
Classical Sociological Theory,Classical Sociological Theory University of Amsterdam COURSE Mixed
Claves de la Dirección de Empresas,Claves de la Dirección de Empresas IESE Business School SPECIALIZATION Beginner
Climate Change and Health: From Science to Action,Climate Change and Health: From Science to Action Yale University SPECIALIZATION Beginner
Clinical Terminology for International and U.S. Students,Clinical Terminology for International and U.S. Students University of Pittsburgh COURSE Beginner
Cloud Computing,Cloud Computing University of Illinois at Urbana-Champaign SPECIALIZATION Intermediate
Cloud Computing Basics (Cloud 101),Cloud Computing Basics (Cloud 101) LearnQuest COURSE Beginner
Cloud Engineering with Google Cloud,Cloud Engineering with Google Cloud Google Cloud PROFESSIONAL CERTIFICATE Intermediate
Coaching Skills for Managers,"Coaching Skills for Managers University of California, Davis SPECIALIZATION Intermediate"
Code Yourself! An Introduction to Programming,Code Yourself! An Introduction to Programming The University of Edinburgh COURSE Beginner
Communication Skills for Engineers,Communication Skills for Engineers Rice University SPECIALIZATION Beginner
Communication Strategies for a Virtual Age,Communication Strategies for a Virtual Age University of Toronto COURSE Beginner
Compassionate Leadership Through Service Learning with Jane Goodall and Roots & Shoots,Compassionate Leadership Through Service Learning with Jane Goodall and Roots & Shoots University of Colorado Boulder COURSE Beginner
"Competencias digitales. Herramientas de ofimática (Microsoft Word, Excel, Power Point)","Competencias digitales. Herramientas de ofimática (Microsoft Word, Excel, Power Point) Universitat Autònoma de Barcelona COURSE Beginner"
Competitive Strategy and Organization Design,Competitive Strategy and Organization Design Ludwig-Maximilians-Universität München (LMU) SPECIALIZATION Intermediate
Computational Social Science,"Computational Social Science University of California, Davis SPECIALIZATION Beginner"
Computational Thinking for Problem Solving,Computational Thinking for Problem Solving University of Pennsylvania COURSE Beginner
Computer Security and Systems Management,Computer Security and Systems Management University of Colorado System SPECIALIZATION Beginner
Conflict Management,"Conflict Management University of California, Irvine SPECIALIZATION Beginner"
Construction Cost Estimating and Cost Control,Construction Cost Estimating and Cost Control Columbia University COURSE Beginner
Construction Management,Construction Management Columbia University SPECIALIZATION Beginner
Construction Project Management,Construction Project Management Columbia University COURSE Beginner
Construction Scheduling,Construction Scheduling Columbia University COURSE Beginner
Contabilidad para no contadores,Contabilidad para no contadores Universidad Nacional Autónoma de México COURSE Beginner
Content Strategy for Professionals,Content Strategy for Professionals Northwestern University SPECIALIZATION Beginner
Continuous Delivery & DevOps,Continuous Delivery & DevOps University of Virginia COURSE Beginner
Control of Mobile Robots,Control of Mobile Robots Georgia Institute of Technology COURSE Mixed
Convolutional Neural Networks,Convolutional Neural Networks deeplearning.ai COURSE Intermediate
Convolutional Neural Networks in TensorFlow,Convolutional Neural Networks in TensorFlow deeplearning.ai COURSE Intermediate
Corporate & Commercial Law I: Contracts & Employment Law,Corporate & Commercial Law I: Contracts & Employment Law University of Illinois at Urbana-Champaign COURSE Intermediate
Corporate Finance Essentials,Corporate Finance Essentials IESE Business School COURSE Mixed
Corporate Strategy,Corporate Strategy UCL School of Management COURSE Beginner
Corporate Sustainability. Understanding and Seizing the Strategic Opportunity,Corporate Sustainability. Understanding and Seizing the Strategic Opportunity Università Bocconi COURSE Mixed
"Corrección, estilo y  variaciones de la lengua española","Corrección, estilo y  variaciones de la lengua española Universitat Autònoma de Barcelona COURSE Beginner"
Cost and Economics in Pricing Strategy,Cost and Economics in Pricing Strategy University of Virginia COURSE Beginner
Costos para los Negocios,Costos para los Negocios Universidad de Chile COURSE Intermediate
Crash Course on Python,Crash Course on Python Google COURSE Beginner
Creative Problem Solving,Creative Problem Solving University of Minnesota COURSE Mixed
Creative Writing,Creative Writing Wesleyan University SPECIALIZATION Beginner
Creative Writing: The Craft of Plot,Creative Writing: The Craft of Plot Wesleyan University COURSE Mixed
"Creatividad, diseño e innovación: Técnicas y herramientas","Creatividad, diseño e innovación: Técnicas y herramientas Arizona State University SPECIALIZATION Beginner"
Cuidado de heridas en el ámbito hospitalario,Cuidado de heridas en el ámbito hospitalario Universidad Nacional Autónoma de México COURSE Intermediate
Cuidados y procedimientos generales en la atención del recién nacido,Cuidados y procedimientos generales en la atención del recién nacido Universidad de Chile COURSE Intermediate
Culture-Driven Team Building,Culture-Driven Team Building University of Pennsylvania SPECIALIZATION Beginner
Curanderismo: Traditional Healing Using Plants,Curanderismo: Traditional Healing Using Plants University of New Mexico COURSE Beginner
Customer Segmentation and Prospecting,Customer Segmentation and Prospecting Northwestern University COURSE Beginner
Cybersecurity,"Cybersecurity University of Maryland, College Park SPECIALIZATION Intermediate"
Cybersecurity and Its Ten Domains,Cybersecurity and Its Ten Domains University System of Georgia COURSE Beginner
Cybersecurity for Business,Cybersecurity for Business University of Colorado System SPECIALIZATION Beginner
Cómo hablar bien en público,Cómo hablar bien en público Universitat Autònoma de Barcelona COURSE Beginner
Dairy Production and Management,Dairy Production and Management The Pennsylvania State University COURSE Mixed
Data Analysis and Interpretation,Data Analysis and Interpretation Wesleyan University SPECIALIZATION Beginner
Data Analysis and Presentation Skills: the PwC Approach,Data Analysis and Presentation Skills: the PwC Approach PwC SPECIALIZATION Beginner
Data Analysis with Python,Data Analysis with Python IBM COURSE Beginner
Data Analytics for Lean Six Sigma,Data Analytics for Lean Six Sigma University of Amsterdam COURSE Beginner
Data Collection and Processing with Python,Data Collection and Processing with Python University of Michigan COURSE Intermediate
Data Engineering on Google Cloud Platform 日本語版,Data Engineering on Google Cloud Platform 日本語版 Google Cloud SPECIALIZATION Intermediate
Data Engineering with Google Cloud,Data Engineering with Google Cloud Google Cloud PROFESSIONAL CERTIFICATE Intermediate
"Data Engineering, Big Data, and Machine Learning on GCP","Data Engineering, Big Data, and Machine Learning on GCP Google Cloud SPECIALIZATION Intermediate"
Data Management for Clinical Research,Data Management for Clinical Research Vanderbilt University COURSE Beginner
Data Mining,Data Mining University of Illinois at Urbana-Champaign SPECIALIZATION Intermediate
Data Science,Data Science Johns Hopkins University SPECIALIZATION Beginner
Data Science Math Skills,Data Science Math Skills Duke University COURSE Beginner
Data Science Methodology,Data Science Methodology IBM COURSE Beginner
Data Science: Foundations using R,Data Science: Foundations using R Johns Hopkins University SPECIALIZATION Beginner
Data Science: Statistics and Machine Learning,Data Science: Statistics and Machine Learning Johns Hopkins University SPECIALIZATION Intermediate
Data Visualization and Communication with Tableau,Data Visualization and Communication with Tableau Duke University COURSE Mixed
Data Visualization with Advanced Excel,Data Visualization with Advanced Excel PwC COURSE Beginner
Data Visualization with Python,Data Visualization with Python IBM COURSE Intermediate
Data Visualization with Tableau,"Data Visualization with Tableau University of California, Davis SPECIALIZATION Beginner"
Data Warehousing for Business Intelligence,Data Warehousing for Business Intelligence University of Colorado System SPECIALIZATION Advanced
Data and Health Indicators in Public Health Practice,Data and Health Indicators in Public Health Practice Johns Hopkins University COURSE Beginner
Data-driven Decision Making,Data-driven Decision Making PwC COURSE Beginner
Databases and SQL for Data Science,Databases and SQL for Data Science IBM COURSE Beginner
De-Mystifying Mindfulness,De-Mystifying Mindfulness Universiteit Leiden COURSE Beginner
Decision-Making and Scenarios,Decision-Making and Scenarios University of Pennsylvania COURSE Mixed
Deep Learning,Deep Learning deeplearning.ai SPECIALIZATION Intermediate
Democracia y decisiones públicas. Introducción al análisis de políticas públicas,Democracia y decisiones públicas. Introducción al análisis de políticas públicas Universitat Autònoma de Barcelona COURSE Beginner
Dentistry 101,Dentistry 101 University of Michigan COURSE Beginner
Dermatology: Trip to skin,Dermatology: Trip to skin Novosibirsk State University  COURSE Beginner
Design Thinking for Innovation,Design Thinking for Innovation University of Virginia COURSE Beginner
Design Thinking for the Greater Good: Innovation in the Social Sector,Design Thinking for the Greater Good: Innovation in the Social Sector University of Virginia COURSE Beginner
Design and Interpretation of Clinical Trials,Design and Interpretation of Clinical Trials Johns Hopkins University COURSE Mixed
Design and Make Infographics (Project-Centered Course),Design and Make Infographics (Project-Centered Course) Michigan State University COURSE Mixed
Design-Led Strategy: Design thinking for business strategy and entrepreneurship,Design-Led Strategy: Design thinking for business strategy and entrepreneurship The University of Sydney COURSE Intermediate
Developing APIs with Google Cloud's Apigee API Platform,Developing APIs with Google Cloud's Apigee API Platform Google Cloud SPECIALIZATION Intermediate
Developing Applications with Google Cloud Platform,Developing Applications with Google Cloud Platform Google Cloud SPECIALIZATION Intermediate
Developing Applications with Google Cloud Platform 日本語版,Developing Applications with Google Cloud Platform 日本語版 Google Cloud SPECIALIZATION Intermediate
Developing Industrial Internet of Things,Developing Industrial Internet of Things University of Colorado Boulder SPECIALIZATION Intermediate
Developing Your Musicianship,Developing Your Musicianship Berklee College of Music COURSE Mixed
Developing Your Musicianship,Developing Your Musicianship Berklee College of Music SPECIALIZATION Beginner
Devenir entrepreneur du changement,Devenir entrepreneur du changement Ticket for Change COURSE Mixed
Digital Advertising Strategy,Digital Advertising Strategy University of Colorado Boulder SPECIALIZATION Beginner
Digital Business Models,Digital Business Models Lund University COURSE Beginner
Digital Manufacturing & Design Technology,Digital Manufacturing & Design Technology University at Buffalo SPECIALIZATION Beginner
Digital Marketing,Digital Marketing University of Illinois at Urbana-Champaign SPECIALIZATION Beginner
Digital Media and Marketing Strategies,Digital Media and Marketing Strategies University of Illinois at Urbana-Champaign COURSE Mixed
Digital Product Management,Digital Product Management University of Virginia SPECIALIZATION Beginner
Digital Product Management: Modern Fundamentals,Digital Product Management: Modern Fundamentals University of Virginia COURSE Beginner
Dino 101: Dinosaur Paleobiology,Dino 101: Dinosaur Paleobiology University of Alberta COURSE Beginner
Discrete Optimization,Discrete Optimization The University of Melbourne COURSE Intermediate
Diseño Instruccional: Aprendizaje activo y Pedagogía digital,Diseño Instruccional: Aprendizaje activo y Pedagogía digital Tecnológico de Monterrey SPECIALIZATION Beginner
Diseño y Creación de un Emprendimiento Social,Diseño y Creación de un Emprendimiento Social Pontificia Universidad Católica de Chile COURSE Beginner
"Divide and Conquer, Sorting and Searching, and Randomized Algorithms","Divide and Conquer, Sorting and Searching, and Randomized Algorithms Stanford University COURSE Intermediate"
Dog Emotion and Cognition,Dog Emotion and Cognition Duke University COURSE Mixed
Driving business towards the Sustainable Development Goals,Driving business towards the Sustainable Development Goals Erasmus University Rotterdam COURSE Beginner
Drug Commercialization,Drug Commercialization University of California San Diego COURSE Beginner
Drug Discovery,Drug Discovery University of California San Diego COURSE Beginner
Dynamic Public Speaking,Dynamic Public Speaking University of Washington SPECIALIZATION Beginner
EMT Foundations,EMT Foundations University of Colorado System COURSE Beginner
Ecology: Ecosystem Dynamics and Conservation,Ecology: Ecosystem Dynamics and Conservation American Museum of Natural History COURSE Intermediate
Econometrics: Methods and Applications,Econometrics: Methods and Applications Erasmus University Rotterdam COURSE Mixed
Economics of Money and Banking,Economics of Money and Banking Columbia University COURSE Mixed
Ecosystem Services: a Method for Sustainable Development,Ecosystem Services: a Method for Sustainable Development University of Geneva COURSE Intermediate
Effective Compliance Programs,Effective Compliance Programs University of Pennsylvania COURSE Mixed
Egiptología (Egyptology),Egiptología (Egyptology) Universitat Autònoma de Barcelona COURSE Beginner
El Abogado del Futuro: Legaltech y la Transformación Digital del Derecho,El Abogado del Futuro: Legaltech y la Transformación Digital del Derecho Universidad Austral COURSE Beginner
Elastic Google Cloud Infrastructure: Scaling and Automation,Elastic Google Cloud Infrastructure: Scaling and Automation Google Cloud COURSE Intermediate
Electric Industry Operations and Markets,Electric Industry Operations and Markets Duke University COURSE Beginner
Electronic Music Production,Electronic Music Production Berklee College of Music SPECIALIZATION Intermediate
Emerging Technologies: From Smartphones to IoT to Big Data,Emerging Technologies: From Smartphones to IoT to Big Data Yonsei University SPECIALIZATION Beginner
"Energy Production, Distribution & Safety","Energy Production, Distribution & Safety University at Buffalo SPECIALIZATION Beginner"
Engineering Health: Introduction to Yoga and Physiology,Engineering Health: Introduction to Yoga and Physiology New York University COURSE Beginner
Engineering Project Management: Initiating and Planning,Engineering Project Management: Initiating and Planning Rice University COURSE Beginner
English Composition I,English Composition I Duke University COURSE Beginner
English for Business and Entrepreneurship,English for Business and Entrepreneurship University of Pennsylvania COURSE Beginner
English for Career Development,English for Career Development University of Pennsylvania COURSE Mixed
English for Journalism,English for Journalism University of Pennsylvania COURSE Mixed
English for Research Publication Purposes,English for Research Publication Purposes Moscow Institute of Physics and Technology SPECIALIZATION Intermediate
"English for Science, Technology, Engineering, and Mathematics","English for Science, Technology, Engineering, and Mathematics University of Pennsylvania COURSE Beginner"
Enterprise Architecture,Enterprise Architecture Peter the Great St. Petersburg Polytechnic University COURSE Beginner
Entrepreneurial Finance: Strategy and Innovation,Entrepreneurial Finance: Strategy and Innovation Duke University SPECIALIZATION Intermediate
Entrepreneurship,Entrepreneurship University of Pennsylvania SPECIALIZATION Beginner
Entrepreneurship 1: Developing the Opportunity,Entrepreneurship 1: Developing the Opportunity University of Pennsylvania COURSE Mixed
Entrepreneurship 2: Launching your Start-Up,Entrepreneurship 2: Launching your Start-Up University of Pennsylvania COURSE Mixed
Entrepreneurship 3: Growth Strategies,Entrepreneurship 3: Growth Strategies University of Pennsylvania COURSE Beginner
Entrepreneurship Strategy: From Ideation to Exit,Entrepreneurship Strategy: From Ideation to Exit HEC Paris COURSE Beginner
Entrepreneurship: Launching an Innovative Business,"Entrepreneurship: Launching an Innovative Business University of Maryland, College Park SPECIALIZATION Beginner"
Epidemics - the Dynamics of Infectious Diseases,Epidemics - the Dynamics of Infectious Diseases The Pennsylvania State University COURSE Mixed
"Epidemics, Pandemics and Outbreaks","Epidemics, Pandemics and Outbreaks University of Pittsburgh COURSE Mixed"
Epidemiology for Public Health,Epidemiology for Public Health Imperial College London SPECIALIZATION Beginner
Epidemiology in Public Health Practice,Epidemiology in Public Health Practice Johns Hopkins University SPECIALIZATION Beginner
Epidemiology: The Basic Science of Public Health,Epidemiology: The Basic Science of Public Health The University of North Carolina at Chapel Hill COURSE Mixed
Epigenetic Control of Gene Expression,Epigenetic Control of Gene Expression The University of Melbourne COURSE Mixed
Equine Welfare and Management,"Equine Welfare and Management University of California, Davis COURSE Beginner"
Esports,"Esports University of California, Irvine SPECIALIZATION Beginner"
Essential Epidemiologic Tools for Public Health Practice,Essential Epidemiologic Tools for Public Health Practice Johns Hopkins University COURSE Beginner
Essential Google Cloud Infrastructure: Core Services,Essential Google Cloud Infrastructure: Core Services Google Cloud COURSE Intermediate
Essential Google Cloud Infrastructure: Foundation,Essential Google Cloud Infrastructure: Foundation Google Cloud COURSE Intermediate
Essentials in Clinical Simulations Across the Health Professions,Essentials in Clinical Simulations Across the Health Professions The George Washington University COURSE Intermediate
Essentials of Corporate Finance,Essentials of Corporate Finance The University of Melbourne SPECIALIZATION Intermediate
Essentials of Global Health,Essentials of Global Health Yale University COURSE Mixed
Estadística y probabilidad,Estadística y probabilidad Universidad Nacional Autónoma de México COURSE Beginner
Evaluación educativa,Evaluación educativa Universidad Nacional Autónoma de México SPECIALIZATION Beginner
"Everyday Excel, Part 1","Everyday Excel, Part 1 University of Colorado Boulder COURSE Beginner"
Everyday Parenting: The ABCs of Child Rearing,Everyday Parenting: The ABCs of Child Rearing Yale University COURSE Beginner
Excel Skills for Business,Excel Skills for Business Macquarie University SPECIALIZATION Beginner
Excel Skills for Business: Advanced,Excel Skills for Business: Advanced Macquarie University COURSE Intermediate
Excel Skills for Business: Essentials,Excel Skills for Business: Essentials Macquarie University COURSE Beginner
Excel Skills for Business: Intermediate I,Excel Skills for Business: Intermediate I Macquarie University COURSE Intermediate
Excel Skills for Business: Intermediate II,Excel Skills for Business: Intermediate II Macquarie University COURSE Intermediate
Excel to MySQL: Analytic Techniques for Business,Excel to MySQL: Analytic Techniques for Business Duke University SPECIALIZATION Beginner
Excel/VBA for Creative Problem Solving,Excel/VBA for Creative Problem Solving University of Colorado Boulder SPECIALIZATION Beginner
"Excel/VBA for Creative Problem Solving, Part 1","Excel/VBA for Creative Problem Solving, Part 1 University of Colorado Boulder COURSE Beginner"
Executive Data Science,Executive Data Science Johns Hopkins University SPECIALIZATION Beginner
Explorando la Energía Sustentable,Explorando la Energía Sustentable Pontificia Universidad Católica de Chile COURSE Beginner
Fashion as Design,Fashion as Design The Museum of Modern Art COURSE Beginner
Feminism and Social Justice,"Feminism and Social Justice University of California, Santa Cruz COURSE Beginner"
FinTech Law and Policy,FinTech Law and Policy Duke University COURSE Beginner
FinTech: Finance Industry Transformation and Regulation,FinTech: Finance Industry Transformation and Regulation The Hong Kong University of Science and Technology SPECIALIZATION Beginner
"FinTech: Foundations, Payments, and Regulations","FinTech: Foundations, Payments, and Regulations University of Pennsylvania COURSE Beginner"
Finance & Quantitative Modeling for Analysts,Finance & Quantitative Modeling for Analysts University of Pennsylvania SPECIALIZATION Beginner
Finance for Non-Finance Professionals,Finance for Non-Finance Professionals Rice University COURSE Beginner
Finance for Non-Financial Managers,Finance for Non-Financial Managers Emory University COURSE Intermediate
Financial Accounting Fundamentals,Financial Accounting Fundamentals University of Virginia COURSE Beginner
Financial Acumen for Non-Financial Managers,Financial Acumen for Non-Financial Managers University of Pennsylvania COURSE Beginner
Financial Engineering and Risk Management Part I,Financial Engineering and Risk Management Part I Columbia University COURSE Mixed
Financial Management,Financial Management University of Illinois at Urbana-Champaign SPECIALIZATION Intermediate
Financial Markets,Financial Markets Yale University COURSE Beginner
Financial Markets and Investment Strategy,Financial Markets and Investment Strategy Indian School of Business SPECIALIZATION Beginner
Financial Reporting,Financial Reporting University of Illinois at Urbana-Champaign SPECIALIZATION Intermediate
Financial Technology (Fintech) Innovations,Financial Technology (Fintech) Innovations University of Michigan SPECIALIZATION Beginner
Financing and Investing in Infrastructure,Financing and Investing in Infrastructure Università Bocconi COURSE Mixed
Finanzas corporativas,Finanzas corporativas Universidad Nacional Autónoma de México SPECIALIZATION Intermediate
Finanzas personales,Finanzas personales Universidad Nacional Autónoma de México COURSE Mixed
Finding Purpose and Meaning In Life: Living for What Matters Most,Finding Purpose and Meaning In Life: Living for What Matters Most University of Michigan COURSE Beginner
Fintech: Foundations & Applications of Financial Technology,Fintech: Foundations & Applications of Financial Technology University of Pennsylvania SPECIALIZATION Beginner
First Step Korean,First Step Korean Yonsei University COURSE Beginner
Food & Beverage Management,Food & Beverage Management Università Bocconi COURSE Mixed
Forensic Accounting and Fraud Examination,Forensic Accounting and Fraud Examination West Virginia University COURSE Mixed
Formulación y evaluación de proyectos complejos,Formulación y evaluación de proyectos complejos Universidad de los Andes COURSE Intermediate
Foundational Finance for Strategic Decision Making,Foundational Finance for Strategic Decision Making University of Michigan SPECIALIZATION Beginner
Foundations of Business Strategy,Foundations of Business Strategy University of Virginia COURSE Beginner
Foundations of Everyday Leadership,Foundations of Everyday Leadership University of Illinois at Urbana-Champaign COURSE Mixed
Foundations of Global Health,Foundations of Global Health Johns Hopkins University SPECIALIZATION Beginner
Foundations of Management,Foundations of Management IESE Business School SPECIALIZATION Beginner
Foundations of Marketing Analytics,Foundations of Marketing Analytics Emory University SPECIALIZATION Intermediate
Foundations of Positive Psychology,Foundations of Positive Psychology University of Pennsylvania SPECIALIZATION Beginner
Foundations of Public Health Practice,Foundations of Public Health Practice Imperial College London SPECIALIZATION Beginner
From Data to Insights with Google Cloud Platform,From Data to Insights with Google Cloud Platform Google Cloud SPECIALIZATION Beginner
From the Big Bang to Dark Energy,From the Big Bang to Dark Energy The University of Tokyo COURSE Beginner
Front-End Web Development with React,Front-End Web Development with React The Hong Kong University of Science and Technology COURSE Intermediate
Front-End Web UI Frameworks and Tools: Bootstrap 4,Front-End Web UI Frameworks and Tools: Bootstrap 4 The Hong Kong University of Science and Technology COURSE Intermediate
Full Stack Web and Multiplatform Mobile App Development,Full Stack Web and Multiplatform Mobile App Development The Hong Kong University of Science and Technology SPECIALIZATION Intermediate
Full-Stack Web Development with React,Full-Stack Web Development with React The Hong Kong University of Science and Technology SPECIALIZATION Intermediate
Functional Programming Principles in Scala,Functional Programming Principles in Scala École Polytechnique Fédérale de Lausanne COURSE Intermediate
Functional Programming in Scala,Functional Programming in Scala École Polytechnique Fédérale de Lausanne SPECIALIZATION Intermediate
Fundamental Neuroscience for Neuroimaging,Fundamental Neuroscience for Neuroimaging Johns Hopkins University COURSE Beginner
Fundamentals of Accounting,Fundamentals of Accounting University of Illinois at Urbana-Champaign SPECIALIZATION Beginner
Fundamentals of Computing,Fundamentals of Computing Rice University SPECIALIZATION Beginner
Fundamentals of Engineering Exam Review,Fundamentals of Engineering Exam Review Georgia Institute of Technology COURSE Mixed
Fundamentals of GIS,"Fundamentals of GIS University of California, Davis COURSE Beginner"
Fundamentals of Graphic Design,Fundamentals of Graphic Design California Institute of the Arts COURSE Beginner
Fundamentals of Immunology,Fundamentals of Immunology Rice University SPECIALIZATION Intermediate
Fundamentals of Immunology: Innate Immunity and B-Cell Function,Fundamentals of Immunology: Innate Immunity and B-Cell Function Rice University COURSE Intermediate
Fundamentals of Music Theory,Fundamentals of Music Theory The University of Edinburgh COURSE Beginner
Fundamentals of Project Planning and Management,Fundamentals of Project Planning and Management University of Virginia COURSE Beginner
Fundamentals of Quantitative Modeling,Fundamentals of Quantitative Modeling University of Pennsylvania COURSE Mixed
Fundamentals of Reinforcement Learning,Fundamentals of Reinforcement Learning University of Alberta COURSE Intermediate
Fundamentals of Visualization with Tableau,"Fundamentals of Visualization with Tableau University of California, Davis COURSE Beginner"
Fundamentos Empresariales,Fundamentos Empresariales University of Pennsylvania SPECIALIZATION Beginner
Fundamentos Estratégicos Empresariales,Fundamentos Estratégicos Empresariales Universidad Nacional Autónoma de México SPECIALIZATION Beginner
Fundamentos de Excel para Negocios,Fundamentos de Excel para Negocios Universidad Austral COURSE Beginner
Fundamentos de Finanzas Empresariales,Fundamentos de Finanzas Empresariales Universidad de los Andes COURSE Beginner
Fundamentos de la escritura,Fundamentos de la escritura Tecnológico de Monterrey COURSE Beginner
Fundraising and Development,"Fundraising and Development University of California, Davis SPECIALIZATION Beginner"
Futures Thinking,Futures Thinking Institute for the Future SPECIALIZATION Beginner
G Suite Administration,G Suite Administration Google Cloud SPECIALIZATION Beginner
"GIS, Mapping, and Spatial Analysis","GIS, Mapping, and Spatial Analysis University of Toronto SPECIALIZATION Beginner"
Game Design and Development,Game Design and Development Michigan State University SPECIALIZATION Intermediate
Game Theory,Game Theory Stanford University COURSE Beginner
Gamification,Gamification University of Pennsylvania COURSE Mixed
Gender and Sexuality: Diversity and Inclusion in the Workplace,Gender and Sexuality: Diversity and Inclusion in the Workplace University of Pittsburgh COURSE Beginner
Genomic Data Science,Genomic Data Science Johns Hopkins University SPECIALIZATION Intermediate
Geographic Information Systems  (GIS),"Geographic Information Systems  (GIS) University of California, Davis SPECIALIZATION Beginner"
Geopolitics of Europe,Geopolitics of Europe Sciences Po COURSE Mixed
Geopolítica y gobernanza global: riesgos y oportunidades,Geopolítica y gobernanza global: riesgos y oportunidades ESADE Business and Law School COURSE Mixed
Gestión de organizaciones efectivas,Gestión de organizaciones efectivas Pontificia Universidad Católica de Chile COURSE Mixed
Get Interactive: Practical Teaching with Technology,Get Interactive: Practical Teaching with Technology Bloomsbury Learning Exchange COURSE Beginner
Getting Started With Music Theory,Getting Started With Music Theory Michigan State University COURSE Beginner
Getting Started with AWS Machine Learning,Getting Started with AWS Machine Learning Amazon Web Services COURSE Intermediate
Getting Started with Go,"Getting Started with Go University of California, Irvine COURSE Intermediate"
Getting Started with Google Kubernetes Engine,Getting Started with Google Kubernetes Engine Google Cloud COURSE Intermediate
Getting Started with Google Sheets,Getting Started with Google Sheets Google Cloud COURSE Beginner
Getting Started with SAS Programming,Getting Started with SAS Programming SAS COURSE Beginner
Global Diplomacy – Diplomacy in the Modern World,Global Diplomacy – Diplomacy in the Modern World SOAS University of London COURSE Mixed
Global Diplomacy: the United Nations in the World,Global Diplomacy: the United Nations in the World SOAS University of London COURSE Beginner
Global Energy and Climate Policy,Global Energy and Climate Policy SOAS University of London COURSE Beginner
Global Environmental Management,Global Environmental Management Technical University of Denmark (DTU) COURSE Intermediate
Global Financial Markets and Instruments,Global Financial Markets and Instruments Rice University COURSE Mixed
Global Financing Solutions  (by EDHEC and Société Générale),Global Financing Solutions  (by EDHEC and Société Générale) EDHEC Business School COURSE Intermediate
Global Trends for Business and Society,Global Trends for Business and Society University of Pennsylvania COURSE Mixed
"Globalization, Economic Growth and Stability","Globalization, Economic Growth and Stability IE Business School SPECIALIZATION Intermediate"
Good with Words: Writing and Editing,Good with Words: Writing and Editing University of Michigan SPECIALIZATION Beginner
Google Cloud Platform Big Data and Machine Learning Fundamentals,Google Cloud Platform Big Data and Machine Learning Fundamentals Google Cloud COURSE Intermediate
Google Cloud Platform Fundamentals for AWS Professionals,Google Cloud Platform Fundamentals for AWS Professionals Google Cloud COURSE Intermediate
Google IT Automation with Python,Google IT Automation with Python Google PROFESSIONAL CERTIFICATE Beginner
Google IT Support,Google IT Support Google PROFESSIONAL CERTIFICATE Beginner
Grammar and Punctuation,"Grammar and Punctuation University of California, Irvine COURSE Mixed"
Graphic Design Elements for Non-Designers,Graphic Design Elements for Non-Designers University of Colorado Boulder SPECIALIZATION Beginner
Greek and Roman Mythology,Greek and Roman Mythology University of Pennsylvania COURSE Mixed
Greening the Economy: Sustainable Cities,Greening the Economy: Sustainable Cities Lund University COURSE Beginner
Guitar for Beginners,Guitar for Beginners Berklee College of Music COURSE Mixed
Gut Check: Exploring Your Microbiome,Gut Check: Exploring Your Microbiome University of California San Diego COURSE Mixed
"HTML, CSS, and Javascript for Web Developers","HTML, CSS, and Javascript for Web Developers Johns Hopkins University COURSE Mixed"
Habilidades Gerenciales,Habilidades Gerenciales Universidad Nacional Autónoma de México SPECIALIZATION Beginner
Hacia una práctica constructivista en el aula,Hacia una práctica constructivista en el aula Pontificia Universidad Católica de Chile COURSE Mixed
Hardware Description Languages for FPGA Design,Hardware Description Languages for FPGA Design University of Colorado Boulder COURSE Intermediate
Healing with the Arts,Healing with the Arts University of Florida COURSE Mixed
Health Informatics,Health Informatics Johns Hopkins University SPECIALIZATION Beginner
Health Information Literacy for Data Analytics,"Health Information Literacy for Data Analytics University of California, Davis SPECIALIZATION Intermediate"
Healthcare Law,Healthcare Law University of Pennsylvania SPECIALIZATION Intermediate
Healthcare Marketplace,Healthcare Marketplace University of Minnesota SPECIALIZATION Beginner
Healthcare Organization Operations,Healthcare Organization Operations Rutgers the State University of New Jersey SPECIALIZATION Beginner
"High Performance Collaboration: Leadership, Teamwork, and Negotiation","High Performance Collaboration: Leadership, Teamwork, and Negotiation Northwestern University COURSE Mixed"
Homeland Security and Cybersecurity,Homeland Security and Cybersecurity University of Colorado System SPECIALIZATION Beginner
"Hotel Management: Distribution, Revenue and Demand Management","Hotel Management: Distribution, Revenue and Demand Management ESSEC Business School SPECIALIZATION Beginner"
How Things Work: An Introduction to Physics,How Things Work: An Introduction to Physics University of Virginia COURSE Intermediate
How To Create a Website in a Weekend! (Project-Centered Course),How To Create a Website in a Weekend! (Project-Centered Course) The State University of New York COURSE Mixed
How to Start Your Own Business,How to Start Your Own Business Michigan State University SPECIALIZATION Beginner
Human Resource Management: HR for People Managers,Human Resource Management: HR for People Managers University of Minnesota SPECIALIZATION Beginner
IBM AI Engineering,IBM AI Engineering IBM PROFESSIONAL CERTIFICATE Intermediate
IBM AI Enterprise Workflow,IBM AI Enterprise Workflow IBM SPECIALIZATION Advanced
IBM Applied AI,IBM Applied AI IBM PROFESSIONAL CERTIFICATE Beginner
IBM Customer Engagement Specialist Professional Certificate,IBM Customer Engagement Specialist Professional Certificate IBM COURSE Beginner
IBM Data Science,IBM Data Science IBM PROFESSIONAL CERTIFICATE Beginner
IT Fundamentals for Cybersecurity,IT Fundamentals for Cybersecurity IBM SPECIALIZATION Beginner
IT Security: Defense against the digital dark arts,IT Security: Defense against the digital dark arts Google COURSE Beginner
"Identifying, Monitoring, and Analyzing Risk and Incident Response and Recovery","Identifying, Monitoring, and Analyzing Risk and Incident Response and Recovery (ISC)² COURSE Beginner"
Implementación del Marketing Mix,Implementación del Marketing Mix IE Business School SPECIALIZATION Beginner
Implementing RPA with Cognitive Automation and Analytics,Implementing RPA with Cognitive Automation and Analytics Automation Anywhere SPECIALIZATION Beginner
Improve Your English Communication Skills,Improve Your English Communication Skills Georgia Institute of Technology SPECIALIZATION Beginner
"Improving Deep Neural Networks: Hyperparameter tuning, Regularization and Optimization","Improving Deep Neural Networks: Hyperparameter tuning, Regularization and Optimization deeplearning.ai COURSE Beginner"
Improving Leadership & Governance in Nonprofit Organizations,Improving Leadership & Governance in Nonprofit Organizations Luther College at the University of Regina SPECIALIZATION Beginner
In the Studio: Postwar Abstract Painting,In the Studio: Postwar Abstract Painting The Museum of Modern Art COURSE Beginner
Indigenous Canada,Indigenous Canada University of Alberta COURSE Mixed
Industrial IoT on Google Cloud Platform,Industrial IoT on Google Cloud Platform Google Cloud COURSE Beginner
Infectious Disease Modelling,Infectious Disease Modelling Imperial College London SPECIALIZATION Intermediate
Influencer Marketing Strategy,Influencer Marketing Strategy Rutgers the State University of New Jersey COURSE Intermediate
"Influencing: Storytelling, Change Management and Governance","Influencing: Storytelling, Change Management and Governance Macquarie University SPECIALIZATION Beginner"
Information Security: Context and Introduction,"Information Security: Context and Introduction Royal Holloway, University of London COURSE Beginner"
Information Visualization,Information Visualization New York University SPECIALIZATION Beginner
Information​ ​Systems,Information​ ​Systems University of Minnesota SPECIALIZATION Beginner
Initiating and Planning Projects,"Initiating and Planning Projects University of California, Irvine COURSE Mixed"
Innovation Management,Innovation Management Erasmus University Rotterdam COURSE Beginner
"Innovation Through Design: Think, Make, Break, Repeat","Innovation Through Design: Think, Make, Break, Repeat The University of Sydney COURSE Beginner"
Innovation: From Creativity to Entrepreneurship,Innovation: From Creativity to Entrepreneurship University of Illinois at Urbana-Champaign SPECIALIZATION Beginner
Inspirational Leadership: Leading with Sense,Inspirational Leadership: Leading with Sense HEC Paris SPECIALIZATION Beginner
Inspired Leadership,Inspired Leadership Case Western Reserve University SPECIALIZATION Intermediate
Inspiring and Motivating Individuals,Inspiring and Motivating Individuals University of Michigan COURSE Mixed
Instructional Design Foundations and Applications,Instructional Design Foundations and Applications University of Illinois at Urbana-Champaign COURSE Mixed
Instructional Methods in Health Professions Education,Instructional Methods in Health Professions Education University of Michigan COURSE Intermediate
Integrative Health and Medicine,Integrative Health and Medicine University of Minnesota SPECIALIZATION Beginner
Intellectual Property Law,Intellectual Property Law University of Pennsylvania SPECIALIZATION Intermediate
Interaction Design,Interaction Design University of California San Diego SPECIALIZATION Intermediate
Intercultural Management,Intercultural Management ESCP Business School COURSE Beginner
International Business Essentials,International Business Essentials University of London SPECIALIZATION Intermediate
International Cyber Conflicts,International Cyber Conflicts The State University of New York COURSE Mixed
International Humanitarian Law in Theory and Practice,International Humanitarian Law in Theory and Practice Kalshoven-Gieskes Forum COURSE Beginner
International Law in Action: A Guide to the International Courts and Tribunals in The Hague,International Law in Action: A Guide to the International Courts and Tribunals in The Hague Universiteit Leiden COURSE Mixed
International Law in Action: the Arbitration of International Disputes,International Law in Action: the Arbitration of International Disputes Universiteit Leiden COURSE Mixed
International Leadership and Organizational Behavior,International Leadership and Organizational Behavior Università Bocconi COURSE Mixed
International Marketing & Cross Industry Growth,International Marketing & Cross Industry Growth Yonsei University SPECIALIZATION Beginner
International Organizations Management,International Organizations Management University of Geneva COURSE Beginner
International Security Management,International Security Management Erasmus University Rotterdam COURSE Beginner
International Women's Health and Human Rights,International Women's Health and Human Rights Stanford University COURSE Beginner
International migrations: a global issue,International migrations: a global issue Sciences Po COURSE Beginner
Internet Connection: How to Get Online?,Internet Connection: How to Get Online? Cisco COURSE Beginner
Internet Giants: The Law and Economics of Media Platforms,Internet Giants: The Law and Economics of Media Platforms The University of Chicago COURSE Mixed
Interviewing and Resume Writing in English,"Interviewing and Resume Writing in English University of Maryland, College Park SPECIALIZATION Intermediate"
Introducción a Data Science: Programación Estadística con R,Introducción a Data Science: Programación Estadística con R Universidad Nacional Autónoma de México COURSE Beginner
Introducción a la programación en Python I: Aprendiendo a programar con Python,Introducción a la programación en Python I: Aprendiendo a programar con Python Pontificia Universidad Católica de Chile COURSE Beginner
Introduction aux Droits de l’Homme,Introduction aux Droits de l’Homme University of Geneva COURSE Mixed
Introduction to Ableton Live,Introduction to Ableton Live Berklee College of Music COURSE Mixed
Introduction to Artificial Intelligence (AI),Introduction to Artificial Intelligence (AI) IBM COURSE Beginner
Introduction to Big Data,Introduction to Big Data University of California San Diego COURSE Mixed
Introduction to Blockchain Technologies,Introduction to Blockchain Technologies INSEAD COURSE Beginner
Introduction to Breast Cancer,Introduction to Breast Cancer Yale University COURSE Mixed
Introduction to Business Analytics: Communicating with Data,Introduction to Business Analytics: Communicating with Data University of Illinois at Urbana-Champaign COURSE Intermediate
Introduction to CSS3,Introduction to CSS3 University of Michigan COURSE Mixed
Introduction to Calculus,Introduction to Calculus The University of Sydney COURSE Intermediate
Introduction to Chemistry:  Reactions and Ratios,Introduction to Chemistry:  Reactions and Ratios Duke University COURSE Beginner
Introduction to Classical Music,Introduction to Classical Music Yale University COURSE Mixed
Introduction to Cloud Computing,Introduction to Cloud Computing IBM COURSE Beginner
Introduction to Computer Programming,"Introduction to Computer Programming Goldsmiths, University of London COURSE Beginner"
Introduction to Computer Science and Programming,"Introduction to Computer Science and Programming Goldsmiths, University of London SPECIALIZATION Beginner"
Introduction to Corporate Finance,Introduction to Corporate Finance University of Pennsylvania COURSE Mixed
Introduction to Cyber Attacks,Introduction to Cyber Attacks New York University COURSE Beginner
Introduction to Cyber Security,Introduction to Cyber Security New York University SPECIALIZATION Beginner
Introduction to Cybersecurity Tools & Cyber Attacks,Introduction to Cybersecurity Tools & Cyber Attacks IBM COURSE Beginner
Introduction to Data Analysis Using Excel,Introduction to Data Analysis Using Excel Rice University COURSE Mixed
Introduction to Data Science,Introduction to Data Science IBM SPECIALIZATION Beginner
Introduction to Data Science in Python,Introduction to Data Science in Python University of Michigan COURSE Intermediate
Introduction to Dental Medicine,Introduction to Dental Medicine University of Pennsylvania COURSE Beginner
Introduction to Discrete Mathematics for Computer Science,Introduction to Discrete Mathematics for Computer Science National Research University Higher School of Economics SPECIALIZATION Beginner
Introduction to Electronics,Introduction to Electronics Georgia Institute of Technology COURSE Mixed
Introduction to Embedded Systems Software and Development Environments,Introduction to Embedded Systems Software and Development Environments University of Colorado Boulder COURSE Intermediate
Introduction to Engineering Mechanics,Introduction to Engineering Mechanics Georgia Institute of Technology COURSE Mixed
Introduction to Environmental Law and Policy,Introduction to Environmental Law and Policy The University of North Carolina at Chapel Hill COURSE Mixed
Introduction to Financial Accounting,Introduction to Financial Accounting University of Pennsylvania COURSE Mixed
Introduction to Forensic Science,"Introduction to Forensic Science Nanyang Technological University, Singapore COURSE Mixed"
Introduction to Game Development,Introduction to Game Development Michigan State University COURSE Mixed
Introduction to Genetics and Evolution,Introduction to Genetics and Evolution Duke University COURSE Mixed
Introduction to Genomic Technologies,Introduction to Genomic Technologies Johns Hopkins University COURSE Mixed
Introduction to HTML5,Introduction to HTML5 University of Michigan COURSE Mixed
Introduction to Imagemaking,Introduction to Imagemaking California Institute of the Arts COURSE Beginner
Introduction to Intellectual Property,Introduction to Intellectual Property University of Pennsylvania COURSE Beginner
Introduction to International Criminal Law,Introduction to International Criminal Law Case Western Reserve University COURSE Mixed
Introduction to Marketing,Introduction to Marketing University of Pennsylvania COURSE Mixed
Introduction to Mathematical Thinking,Introduction to Mathematical Thinking Stanford University COURSE Intermediate
Introduction to Operations Management,Introduction to Operations Management University of Pennsylvania COURSE Mixed
Introduction to Personal Branding,Introduction to Personal Branding University of Virginia COURSE Beginner
Introduction to Philosophy,Introduction to Philosophy The University of Edinburgh COURSE Mixed
Introduction to Portfolio Construction and Analysis with Python,Introduction to Portfolio Construction and Analysis with Python EDHEC Business School COURSE Mixed
Introduction to Probability and Data,Introduction to Probability and Data Duke University COURSE Beginner
Introduction to Programming in C,Introduction to Programming in C Duke University SPECIALIZATION Beginner
Introduction to Programming with MATLAB,Introduction to Programming with MATLAB Vanderbilt University COURSE Beginner
Introduction to Psychology,Introduction to Psychology Yale University COURSE Beginner
Introduction to Scripting in Python,Introduction to Scripting in Python Rice University SPECIALIZATION Beginner
Introduction to Self-Driving Cars,Introduction to Self-Driving Cars University of Toronto COURSE Advanced
Introduction to Spreadsheets and Models,Introduction to Spreadsheets and Models University of Pennsylvania COURSE Mixed
Introduction to Statistics & Data Analysis in Public Health,Introduction to Statistics & Data Analysis in Public Health Imperial College London COURSE Beginner
Introduction to Sustainability,Introduction to Sustainability University of Illinois at Urbana-Champaign COURSE Mixed
Introduction to Systematic Review and Meta-Analysis,Introduction to Systematic Review and Meta-Analysis Johns Hopkins University COURSE Mixed
Introduction to Systems Engineering,Introduction to Systems Engineering UNSW Sydney (The University of New South Wales) COURSE Mixed
"Introduction to TensorFlow for Artificial Intelligence, Machine Learning, and Deep Learning","Introduction to TensorFlow for Artificial Intelligence, Machine Learning, and Deep Learning deeplearning.ai COURSE Intermediate"
Introduction to Thermodynamics: Transferring Energy from Here to There,Introduction to Thermodynamics: Transferring Energy from Here to There University of Michigan COURSE Beginner
"Introduction to Trading, Machine Learning & GCP","Introduction to Trading, Machine Learning & GCP New York Institute of Finance COURSE Intermediate"
Introduction to Typography,Introduction to Typography California Institute of the Arts COURSE Beginner
Introduction to User Experience Design,Introduction to User Experience Design Georgia Institute of Technology COURSE Beginner
Introduction to User Experience Principles and Processes,Introduction to User Experience Principles and Processes University of Michigan COURSE Beginner
Introduction to Web Development,"Introduction to Web Development University of California, Davis COURSE Beginner"
Introduction to the Biology of Cancer,Introduction to the Biology of Cancer Johns Hopkins University COURSE Beginner
Introductory Human Physiology,Introductory Human Physiology Duke University COURSE Mixed
Introdução aos Princípios e Práticas da Gestão De Projetos,Introdução aos Princípios e Práticas da Gestão De Projetos Universidade de São Paulo SPECIALIZATION Beginner
Introdução à Ciência da Computação com Python Parte 1,Introdução à Ciência da Computação com Python Parte 1 Universidade de São Paulo COURSE Beginner
Investment Management,Investment Management University of Geneva SPECIALIZATION Beginner
Investment Management with Python and Machine Learning,Investment Management with Python and Machine Learning EDHEC Business School SPECIALIZATION Beginner
Investment and Portfolio Management,Investment and Portfolio Management Rice University SPECIALIZATION Beginner
Japanese for beginners 1,Japanese for beginners 1 Saint Petersburg State University COURSE Beginner
Java Programming and Software Engineering Fundamentals,Java Programming and Software Engineering Fundamentals Duke University SPECIALIZATION Beginner
Java Programming: Solving Problems with Software,Java Programming: Solving Problems with Software Duke University COURSE Beginner
Julia Scientific Programming,Julia Scientific Programming University of Cape Town COURSE Beginner
Kotlin for Java Developers,Kotlin for Java Developers JetBrains COURSE Intermediate
L'excellence opérationnelle en pratique,L'excellence opérationnelle en pratique ESSEC Business School COURSE Beginner
"L'impact investing, la finance qui change le monde","L'impact investing, la finance qui change le monde ESSEC Business School SPECIALIZATION Beginner"
Leadership Development for Engineers,Leadership Development for Engineers Rice University SPECIALIZATION Beginner
Leadership in 21st Century Organizations,Leadership in 21st Century Organizations Copenhagen Business School COURSE Mixed
Leading Healthcare Quality and Safety,Leading Healthcare Quality and Safety The George Washington University COURSE Beginner
Leading People and Teams,Leading People and Teams University of Michigan SPECIALIZATION Beginner
"Leading for Equity, Diversity and Inclusion in Higher Education","Leading for Equity, Diversity and Inclusion in Higher Education University of Michigan COURSE Intermediate"
Leading: Human Resource Management and Leadership,Leading: Human Resource Management and Leadership Macquarie University SPECIALIZATION Intermediate
Learn Chinese: HSK Test Preparation,Learn Chinese: HSK Test Preparation Peking University SPECIALIZATION Beginner
Learn English,Learn English Tsinghua University SPECIALIZATION Beginner
Learn English: Advanced Academic Speaking and Listening,"Learn English: Advanced Academic Speaking and Listening University of California, Irvine SPECIALIZATION Intermediate"
Learn English: Advanced Grammar and Punctuation,"Learn English: Advanced Grammar and Punctuation University of California, Irvine SPECIALIZATION Advanced"
Learn English: Intermediate Grammar,"Learn English: Intermediate Grammar University of California, Irvine SPECIALIZATION Intermediate"
Learn Mandarin Chinese,Learn Mandarin Chinese Shanghai Jiao Tong University SPECIALIZATION Beginner
Learn SQL Basics for Data Science,"Learn SQL Basics for Data Science University of California, Davis SPECIALIZATION Beginner"
Learn Spanish: Basic Spanish Vocabulary,"Learn Spanish: Basic Spanish Vocabulary University of California, Davis SPECIALIZATION Beginner"
Learn to Program: The Fundamentals,Learn to Program: The Fundamentals University of Toronto COURSE Beginner
Learn to Speak Korean 1,Learn to Speak Korean 1 Yonsei University COURSE Beginner
Learning to Teach Online,Learning to Teach Online UNSW Sydney (The University of New South Wales) COURSE Beginner
Legal Tech & Startups,Legal Tech & Startups IE Business School COURSE Intermediate
Les Fondamentaux de la Négociation,Les Fondamentaux de la Négociation ESSEC Business School COURSE Beginner
Liderazgo efectivo para el siglo XXI,Liderazgo efectivo para el siglo XXI Universidad de los Andes SPECIALIZATION Intermediate
Linear Circuits 1: DC Analysis,Linear Circuits 1: DC Analysis Georgia Institute of Technology COURSE Mixed
Love as a Force for Social Justice,Love as a Force for Social Justice Stanford University COURSE Beginner
Machine Learning,Machine Learning University of Washington SPECIALIZATION Intermediate
Machine Learning,Machine Learning Stanford University COURSE Mixed
Machine Learning Foundations: A Case Study Approach,Machine Learning Foundations: A Case Study Approach University of Washington COURSE Mixed
Machine Learning and Reinforcement Learning in Finance,Machine Learning and Reinforcement Learning in Finance New York University SPECIALIZATION Intermediate
Machine Learning for All,Machine Learning for All University of London COURSE Beginner
Machine Learning for Business Professionals,Machine Learning for Business Professionals Google Cloud COURSE Intermediate
Machine Learning for Trading,Machine Learning for Trading Google Cloud SPECIALIZATION Intermediate
Machine Learning with Python,Machine Learning with Python IBM COURSE Intermediate
Machine Learning with TensorFlow on Google Cloud Platform,Machine Learning with TensorFlow on Google Cloud Platform Google Cloud SPECIALIZATION Intermediate
Magic in the Middle Ages,Magic in the Middle Ages Universitat de Barcelona COURSE Beginner
Making Architecture,Making Architecture IE School of Architecture & Design COURSE Beginner
Management of Fashion and Luxury Companies,Management of Fashion and Luxury Companies Università Bocconi COURSE Mixed
Managerial Accounting Fundamentals,Managerial Accounting Fundamentals University of Virginia COURSE Beginner
Managerial Economics and Business Analysis,Managerial Economics and Business Analysis University of Illinois at Urbana-Champaign SPECIALIZATION Beginner
Managing Innovation and Design Thinking,Managing Innovation and Design Thinking HEC Paris SPECIALIZATION Beginner
Managing Project Risks and Changes,"Managing Project Risks and Changes University of California, Irvine COURSE Mixed"
Managing Social and Human Capital,Managing Social and Human Capital University of Pennsylvania COURSE Beginner
Managing Your Health: The Role of Physical Therapy and Exercise,Managing Your Health: The Role of Physical Therapy and Exercise University of Toronto COURSE Beginner
Market Research,"Market Research University of California, Davis SPECIALIZATION Beginner"
Marketing Digital,Marketing Digital Universidade de São Paulo COURSE Beginner
Marketing Digital,Marketing Digital Universidad Austral SPECIALIZATION Beginner
Marketing Gerencial,Marketing Gerencial Universidad de Chile COURSE Intermediate
Marketing Mix Implementation,Marketing Mix Implementation IE Business School SPECIALIZATION Beginner
Marketing Strategy,Marketing Strategy IE Business School SPECIALIZATION Beginner
Marketing Verde,Marketing Verde Universidad de los Andes COURSE Mixed
Marketing con Redes Sociales,Marketing con Redes Sociales Tecnológico de Monterrey SPECIALIZATION Intermediate
Marketing in a Digital World,Marketing in a Digital World University of Illinois at Urbana-Champaign COURSE Beginner
Mastering Data Analysis in Excel,Mastering Data Analysis in Excel Duke University COURSE Mixed
Mastering Final Cut Pro,Mastering Final Cut Pro LearnQuest COURSE Beginner
Mastering Software Development in R,Mastering Software Development in R Johns Hopkins University SPECIALIZATION Beginner
Materials Science: 10 Things Every Engineer Should Know,"Materials Science: 10 Things Every Engineer Should Know University of California, Davis COURSE Mixed"
Mathematics for Data Science,Mathematics for Data Science National Research University Higher School of Economics SPECIALIZATION Beginner
Mathematics for Machine Learning,Mathematics for Machine Learning Imperial College London SPECIALIZATION Beginner
Mathematics for Machine Learning: Linear Algebra,Mathematics for Machine Learning: Linear Algebra Imperial College London COURSE Beginner
Mathematics for Machine Learning: Multivariate Calculus,Mathematics for Machine Learning: Multivariate Calculus Imperial College London COURSE Beginner
Mathematics for Machine Learning: PCA,Mathematics for Machine Learning: PCA Imperial College London COURSE Intermediate
Medical Cannabis: The Health Effects of THC and CBD,Medical Cannabis: The Health Effects of THC and CBD University of Colorado Boulder SPECIALIZATION Beginner
Medical Neuroscience,Medical Neuroscience Duke University COURSE Advanced
Memoir and Personal Essay: Write About Yourself,Memoir and Personal Essay: Write About Yourself Wesleyan University SPECIALIZATION Beginner
Methods and Statistics in Social Sciences,Methods and Statistics in Social Sciences University of Amsterdam SPECIALIZATION Beginner
Microeconomics Principles,Microeconomics Principles University of Illinois at Urbana-Champaign COURSE Beginner
Microeconomics: The Power of Markets,Microeconomics: The Power of Markets University of Pennsylvania COURSE Mixed
Mindshift: Break Through Obstacles to Learning and Discover Your Hidden Potential,Mindshift: Break Through Obstacles to Learning and Discover Your Hidden Potential McMaster University COURSE Beginner
Miracles of Human Language: An Introduction to Linguistics,Miracles of Human Language: An Introduction to Linguistics Universiteit Leiden COURSE Beginner
Model Thinking,Model Thinking University of Michigan COURSE Mixed
Modeling Risk and Realities,Modeling Risk and Realities University of Pennsylvania COURSE Mixed
Modern Art & Ideas,Modern Art & Ideas The Museum of Modern Art COURSE Beginner
Modern Big Data Analysis with SQL,Modern Big Data Analysis with SQL Cloudera SPECIALIZATION Beginner
"Modern Robotics:  Mechanics, Planning, and Control","Modern Robotics:  Mechanics, Planning, and Control Northwestern University SPECIALIZATION Intermediate"
Modernizing Data Lakes and Data Warehouses with GCP,Modernizing Data Lakes and Data Warehouses with GCP Google Cloud COURSE Intermediate
Moral Foundations of Politics,Moral Foundations of Politics Yale University COURSE Mixed
More Introduction to Financial Accounting,More Introduction to Financial Accounting University of Pennsylvania COURSE Mixed
Mountains 101,Mountains 101 University of Alberta COURSE Mixed
Municipal Solid Waste Management in Developing Countries,Municipal Solid Waste Management in Developing Countries École Polytechnique Fédérale de Lausanne COURSE Intermediate
Music Business,Music Business Berklee College of Music SPECIALIZATION Beginner
Music Business Foundations,Music Business Foundations Berklee College of Music COURSE Mixed
Music Production,Music Production Berklee College of Music SPECIALIZATION Beginner
Nanotechnology: A Maker’s Course,Nanotechnology: A Maker’s Course Duke University COURSE Mixed
Natural Language Processing in TensorFlow,Natural Language Processing in TensorFlow deeplearning.ai COURSE Intermediate
Negociación exitosa: Estrategias y habilidades esenciales (en español),Negociación exitosa: Estrategias y habilidades esenciales (en español) University of Michigan COURSE Mixed
"Negotiation, Mediation and Conflict Resolution","Negotiation, Mediation and Conflict Resolution ESSEC Business School SPECIALIZATION Beginner"
Networking and Security Architecture with VMware NSX,Networking and Security Architecture with VMware NSX VMware COURSE Intermediate
Networking in Google Cloud,Networking in Google Cloud Google Cloud SPECIALIZATION Intermediate
Neural Networks and Deep Learning,Neural Networks and Deep Learning deeplearning.ai COURSE Intermediate
Neurolinguistics,Neurolinguistics Saint Petersburg State University COURSE Mixed
New Approaches to Countering Terror: Countering Violent Extremism,"New Approaches to Countering Terror: Countering Violent Extremism University of Maryland, College Park COURSE Beginner"
Newborn Baby Care,Newborn Baby Care University of Colorado System SPECIALIZATION Beginner
Nutrición y obesidad: control de sobrepeso,Nutrición y obesidad: control de sobrepeso Universidad Nacional Autónoma de México COURSE Beginner
Nutrition and Lifestyle in Pregnancy,Nutrition and Lifestyle in Pregnancy Ludwig-Maximilians-Universität München (LMU) COURSE Intermediate
Object Oriented Java Programming: Data Structures and Beyond,Object Oriented Java Programming: Data Structures and Beyond University of California San Diego SPECIALIZATION Intermediate
Object Oriented Programming in Java,Object Oriented Programming in Java Duke University SPECIALIZATION Beginner
Object-Oriented Data Structures in C++,Object-Oriented Data Structures in C++ University of Illinois at Urbana-Champaign COURSE Intermediate
Object-Oriented Design,Object-Oriented Design University of Alberta COURSE Intermediate
Oil & Gas Industry Operations and Markets,Oil & Gas Industry Operations and Markets Duke University COURSE Mixed
"Open Source Software Development, Linux and Git","Open Source Software Development, Linux and Git The Linux Foundation SPECIALIZATION Beginner"
Operating Systems and You: Becoming a Power User,Operating Systems and You: Becoming a Power User Google COURSE Beginner
Operations Analytics,Operations Analytics University of Pennsylvania COURSE Mixed
Optical Engineering,Optical Engineering University of Colorado Boulder SPECIALIZATION Advanced
Organizational Leadership,Organizational Leadership Northwestern University SPECIALIZATION Intermediate
Osteoarchaeology: The Truth in Our Bones,Osteoarchaeology: The Truth in Our Bones Universiteit Leiden COURSE Beginner
Palliative Care: It's Not Just Hospice Anymore,Palliative Care: It's Not Just Hospice Anymore University of Colorado System SPECIALIZATION Beginner
Palo Alto Networks Cybersecurity,Palo Alto Networks Cybersecurity Palo Alto Networks SPECIALIZATION Beginner
"Parallel, Concurrent, and Distributed Programming in Java","Parallel, Concurrent, and Distributed Programming in Java Rice University SPECIALIZATION Intermediate"
Particle Physics: an Introduction,Particle Physics: an Introduction University of Geneva COURSE Mixed
Patient Safety,Patient Safety Johns Hopkins University SPECIALIZATION Beginner
Patrocinio Deportivo,Patrocinio Deportivo Universitat Autònoma de Barcelona COURSE Beginner
People Analytics,People Analytics University of Pennsylvania COURSE Mixed
Perfect Tenses and Modals,"Perfect Tenses and Modals University of California, Irvine COURSE Intermediate"
Periodismo digital y combate a las fake news,Periodismo digital y combate a las fake news Universidad Nacional Autónoma de México COURSE Beginner
Photography Basics and Beyond: From Smartphone to DSLR,Photography Basics and Beyond: From Smartphone to DSLR Michigan State University SPECIALIZATION Beginner
Plant Bioinformatic Methods,Plant Bioinformatic Methods University of Toronto SPECIALIZATION Beginner
Politics and Economics of International Energy,Politics and Economics of International Energy Sciences Po COURSE Beginner
Positive Psychiatry and Mental Health,Positive Psychiatry and Mental Health The University of Sydney COURSE Mixed
Positive Psychology,Positive Psychology The University of North Carolina at Chapel Hill COURSE Mixed
Positive Psychology: Applications and Interventions,Positive Psychology: Applications and Interventions University of Pennsylvania COURSE Beginner
Positive Psychology: Martin E. P. Seligman’s Visionary Science,Positive Psychology: Martin E. P. Seligman’s Visionary Science University of Pennsylvania COURSE Beginner
Positive Psychology: Resilience Skills,Positive Psychology: Resilience Skills University of Pennsylvania COURSE Beginner
Power Electronics,Power Electronics University of Colorado Boulder SPECIALIZATION Intermediate
Practical Data Science with MATLAB,Practical Data Science with MATLAB MathWorks SPECIALIZATION Beginner
Practical Time Series Analysis,Practical Time Series Analysis The State University of New York COURSE Intermediate
Preparing for the Google Cloud Associate Cloud Engineer Exam,Preparing for the Google Cloud Associate Cloud Engineer Exam Google Cloud COURSE Beginner
Preparing to Manage Human Resources,Preparing to Manage Human Resources University of Minnesota COURSE Mixed
"Presentation Skills: Speechwriting, Slides and Delivery","Presentation Skills: Speechwriting, Slides and Delivery E-Learning Development Fund SPECIALIZATION Beginner"
Pricing Strategy Optimization,Pricing Strategy Optimization BCG SPECIALIZATION Beginner
Primeros Auxilios Psicológicos (PAP),Primeros Auxilios Psicológicos (PAP) Universitat Autònoma de Barcelona COURSE Mixed
Private Equity and Venture Capital,Private Equity and Venture Capital Università Bocconi COURSE Mixed
Probabilistic Graphical Models 1: Representation,Probabilistic Graphical Models 1: Representation Stanford University COURSE Advanced
Probability and Statistics: To p or not to p?,Probability and Statistics: To p or not to p? University of London COURSE Beginner
Process Mining: Data science in Action,Process Mining: Data science in Action Eindhoven University of Technology COURSE Intermediate
"Programming Foundations with JavaScript, HTML and CSS","Programming Foundations with JavaScript, HTML and CSS Duke University COURSE Beginner"
Programming Fundamentals,Programming Fundamentals Duke University COURSE Beginner
Programming for Everybody (Getting Started with Python),Programming for Everybody (Getting Started with Python) University of Michigan COURSE Mixed
Programming with Google Go,"Programming with Google Go University of California, Irvine SPECIALIZATION Intermediate"
Project Execution,"Project Execution University of California, Irvine COURSE Beginner"
Project Launch,"Project Launch University of California, Irvine COURSE Beginner"
Project Management & Other Tools for Career Development,"Project Management & Other Tools for Career Development University of California, Irvine SPECIALIZATION Beginner"
Project Management Principles and Practices,"Project Management Principles and Practices University of California, Irvine SPECIALIZATION Beginner"
Psychological First Aid,Psychological First Aid Johns Hopkins University COURSE Mixed
Public Policy Challenges of the 21st Century,Public Policy Challenges of the 21st Century University of Virginia COURSE Beginner
Python Basics,Python Basics University of Michigan COURSE Beginner
Python Classes and Inheritance,Python Classes and Inheritance University of Michigan COURSE Intermediate
Python Data Structures,Python Data Structures University of Michigan COURSE Mixed
"Python Functions, Files, and Dictionaries","Python Functions, Files, and Dictionaries University of Michigan COURSE Beginner"
Python and Statistics for Financial Analysis,Python and Statistics for Financial Analysis The Hong Kong University of Science and Technology COURSE Intermediate
Python for Data Science and AI,Python for Data Science and AI IBM COURSE Beginner
Python for Everybody,Python for Everybody University of Michigan SPECIALIZATION Beginner
Quantitative Methods,Quantitative Methods University of Amsterdam COURSE Mixed
Queering Identities: LGBTQ+ Sexuality and Gender Identity,Queering Identities: LGBTQ+ Sexuality and Gender Identity University of Colorado System COURSE Beginner
R Programming,R Programming Johns Hopkins University COURSE Intermediate
"Ready, Set, Future! Introduction to Futures Thinking","Ready, Set, Future! Introduction to Futures Thinking Institute for the Future COURSE Beginner"
Recommender Systems,Recommender Systems University of Minnesota SPECIALIZATION Intermediate
"Recruiting, Hiring, and Onboarding Employees","Recruiting, Hiring, and Onboarding Employees University of Minnesota COURSE Mixed"
Reinforcement Learning,Reinforcement Learning University of Alberta SPECIALIZATION Intermediate
Renewable Energy and Green Building Entrepreneurship,Renewable Energy and Green Building Entrepreneurship Duke University COURSE Beginner
Reporting extra-financier et stratégie RSE,Reporting extra-financier et stratégie RSE ESSEC Business School COURSE Beginner
Requirements Engineering: Secure Software  Specifications,Requirements Engineering: Secure Software  Specifications University of Colorado System SPECIALIZATION Beginner
Research Data Management and Sharing,Research Data Management and Sharing The University of Edinburgh COURSE Mixed
"Resilience in Children Exposed to Trauma, Disaster and War: Global Perspectives","Resilience in Children Exposed to Trauma, Disaster and War: Global Perspectives University of Minnesota COURSE Mixed"
Responsive Website Development and Design,"Responsive Website Development and Design Goldsmiths, University of London SPECIALIZATION Beginner"
Rethinking International Tax Law,Rethinking International Tax Law Universiteit Leiden COURSE Mixed
Revisão Sistemática e Meta-análise,Revisão Sistemática e Meta-análise Universidade Estadual de Campinas COURSE Intermediate
Robotics,Robotics University of Pennsylvania SPECIALIZATION Beginner
Roman Architecture,Roman Architecture Yale University COURSE Beginner
Russian Alphabet,Russian Alphabet Saint Petersburg State University COURSE Beginner
Russian for beginners А1. Русский язык: A1,Russian for beginners А1. Русский язык: A1 Saint Petersburg State University SPECIALIZATION Beginner
Réussir le Changement,Réussir le Changement ESSEC Business School COURSE Mixed
SAS Programmer,SAS Programmer SAS PROFESSIONAL CERTIFICATE Beginner
SAS Visual Business Analytics,SAS Visual Business Analytics SAS PROFESSIONAL CERTIFICATE Beginner
SQL for Data Science,"SQL for Data Science University of California, Davis COURSE Beginner"
Sales Operations/Management,Sales Operations/Management West Virginia University SPECIALIZATION Beginner
Sales Training for High Performing Teams,Sales Training for High Performing Teams HubSpot Academy SPECIALIZATION Beginner
Sample-based Learning Methods,Sample-based Learning Methods University of Alberta COURSE Intermediate
Scaling Operations: Linking Strategy and Execution,Scaling Operations: Linking Strategy and Execution Northwestern University COURSE Mixed
School Health for Children and Adolescents,School Health for Children and Adolescents University of Colorado System SPECIALIZATION Beginner
Science of Exercise,Science of Exercise University of Colorado Boulder COURSE Beginner
Search Engine Optimization Fundamentals,"Search Engine Optimization Fundamentals University of California, Davis COURSE Mixed"
Secure Coding Practices,"Secure Coding Practices University of California, Davis SPECIALIZATION Intermediate"
Security & Safety Challenges in a Globalized World,Security & Safety Challenges in a Globalized World Universiteit Leiden COURSE Beginner
Security in Google Cloud Platform,Security in Google Cloud Platform Google Cloud SPECIALIZATION Intermediate
Self-Driving Cars,Self-Driving Cars University of Toronto SPECIALIZATION Advanced
Sequence Models,Sequence Models deeplearning.ai COURSE Intermediate
Sexualidad...mucho más que sexo,Sexualidad...mucho más que sexo Universidad de los Andes COURSE Beginner
Sharpened Visions: A Poetry Workshop,Sharpened Visions: A Poetry Workshop California Institute of the Arts COURSE Beginner
Site Reliability Engineering: Measuring and Managing Reliability,Site Reliability Engineering: Measuring and Managing Reliability Google Cloud COURSE Advanced
Six Sigma Green Belt,Six Sigma Green Belt University System of Georgia SPECIALIZATION Intermediate
Six Sigma and the Organization (Advanced),Six Sigma and the Organization (Advanced) University System of Georgia COURSE Intermediate
"Sleep: Neurobiology, Medicine, and Society","Sleep: Neurobiology, Medicine, and Society University of Michigan COURSE Beginner"
Smart Cities – Management of Smart Urban Infrastructures,Smart Cities – Management of Smart Urban Infrastructures École Polytechnique Fédérale de Lausanne COURSE Beginner
Social Entrepreneurship,Social Entrepreneurship Copenhagen Business School SPECIALIZATION Beginner
Social Media Marketing,Social Media Marketing Northwestern University SPECIALIZATION Beginner
"Social Norms, Social Change I","Social Norms, Social Change I University of Pennsylvania COURSE Beginner"
Social Policy for Social Services & Health Practitioners,Social Policy for Social Services & Health Practitioners Columbia University SPECIALIZATION Beginner
Social Psychology,Social Psychology Wesleyan University COURSE Beginner
Social and Economic Networks:  Models and Analysis,Social and Economic Networks:  Models and Analysis Stanford University COURSE Advanced
Software Design and Architecture,Software Design and Architecture University of Alberta SPECIALIZATION Beginner
Software Development Lifecycle,Software Development Lifecycle University of Minnesota SPECIALIZATION Intermediate
Software Processes and Agile Practices,Software Processes and Agile Practices University of Alberta COURSE Mixed
Software Product Management,Software Product Management University of Alberta SPECIALIZATION Beginner
Solar Energy Basics,Solar Energy Basics The State University of New York COURSE Beginner
Songwriting: Writing the Lyrics,Songwriting: Writing the Lyrics Berklee College of Music COURSE Beginner
Soporte de Tecnologías de la Información de Google,Soporte de Tecnologías de la Información de Google Crece con Google PROFESSIONAL CERTIFICATE Beginner
Spacecraft Dynamics and Control,Spacecraft Dynamics and Control University of Colorado Boulder SPECIALIZATION Advanced
Spanish Vocabulary: Meeting People,"Spanish Vocabulary: Meeting People University of California, Davis COURSE Beginner"
"Speak English Professionally: In Person, Online & On the Phone","Speak English Professionally: In Person, Online & On the Phone Georgia Institute of Technology COURSE Mixed"
Sports Marketing,Sports Marketing Northwestern University COURSE Intermediate
Sports and Society,Sports and Society Duke University COURSE Mixed
Stanford Introduction to Food and Health,Stanford Introduction to Food and Health Stanford University COURSE Beginner
Stanford's Short Course on Breastfeeding,Stanford's Short Course on Breastfeeding Stanford University COURSE Beginner
Statistical Analysis with R for Public Health,Statistical Analysis with R for Public Health Imperial College London SPECIALIZATION Beginner
Statistics with Python,Statistics with Python University of Michigan SPECIALIZATION Beginner
Statistics with R,Statistics with R Duke University SPECIALIZATION Beginner
Stories of Infection,Stories of Infection Stanford University COURSE Intermediate
Strategic Business Analytics,Strategic Business Analytics ESSEC Business School SPECIALIZATION Advanced
Strategic Business Management - Microeconomics,"Strategic Business Management - Microeconomics University of California, Irvine COURSE Beginner"
Strategic Leadership and Management,Strategic Leadership and Management University of Illinois at Urbana-Champaign SPECIALIZATION Beginner
Strategic Management,Strategic Management Copenhagen Business School COURSE Mixed
Strategic Management and Innovation,Strategic Management and Innovation Copenhagen Business School SPECIALIZATION Beginner
Strategic Sales Management,Strategic Sales Management Fundação Instituto de Administração SPECIALIZATION Intermediate
Strategising: Management for Global Competitive Advantage,Strategising: Management for Global Competitive Advantage Macquarie University SPECIALIZATION Intermediate
Strategy and Sustainability,Strategy and Sustainability IESE Business School COURSE Beginner
Structuring Machine Learning Projects,Structuring Machine Learning Projects deeplearning.ai COURSE Beginner
Success,Success University of Pennsylvania COURSE Beginner
Successful Negotiation: Essential Strategies and Skills,Successful Negotiation: Essential Strategies and Skills University of Michigan COURSE Mixed
Summary Statistics in Public Health,Summary Statistics in Public Health Johns Hopkins University COURSE Beginner
Supply Chain Analytics,Supply Chain Analytics Rutgers the State University of New Jersey COURSE Beginner
Supply Chain Finance and Blockchain Technology,Supply Chain Finance and Blockchain Technology New York Institute of Finance SPECIALIZATION Intermediate
Supply Chain Logistics,Supply Chain Logistics Rutgers the State University of New Jersey COURSE Beginner
Supply Chain Management,Supply Chain Management Rutgers the State University of New Jersey SPECIALIZATION Beginner
Supply Chain Operations,Supply Chain Operations Rutgers the State University of New Jersey COURSE Beginner
Supply Chain Principles,Supply Chain Principles Georgia Institute of Technology COURSE Mixed
Supporting children with difficulties in reading and writing,Supporting children with difficulties in reading and writing UCL Institute of Education COURSE Mixed
Survey Data Collection and Analytics,"Survey Data Collection and Analytics University of Maryland, College Park SPECIALIZATION Beginner"
Sustainable Tourism – promoting environmental public health,Sustainable Tourism – promoting environmental public health University of Copenhagen COURSE Beginner
Swift 5 iOS Application Developer,Swift 5 iOS Application Developer LearnQuest SPECIALIZATION Beginner
System Administration and IT Infrastructure Services,System Administration and IT Infrastructure Services Google COURSE Beginner
Systems Biology and Biotechnology,Systems Biology and Biotechnology Icahn School of Medicine at Mount Sinai SPECIALIZATION Intermediate
Systems Thinking In Public Health,Systems Thinking In Public Health Johns Hopkins University COURSE Mixed
"TESOL Certificate, Part 1: Teach English Now!","TESOL Certificate, Part 1: Teach English Now! Arizona State University SPECIALIZATION Beginner"
"TESOL Certificate, Part 2: Teach English Now!","TESOL Certificate, Part 2: Teach English Now! Arizona State University SPECIALIZATION Beginner"
Teach English Now! Foundational Principles,Teach English Now! Foundational Principles Arizona State University COURSE Mixed
Teach English Now! Teaching Language Online,Teach English Now! Teaching Language Online Arizona State University COURSE Intermediate
Teaching Character and Creating Positive Classrooms,Teaching Character and Creating Positive Classrooms Relay Graduate School of Education COURSE Mixed
Teamwork Skills: Communicating Effectively in Groups,Teamwork Skills: Communicating Effectively in Groups University of Colorado Boulder COURSE Beginner
Technical Support Fundamentals,Technical Support Fundamentals Google COURSE Beginner
TensorFlow in Practice,TensorFlow in Practice deeplearning.ai SPECIALIZATION Intermediate
TensorFlow: Data and Deployment,TensorFlow: Data and Deployment deeplearning.ai SPECIALIZATION Intermediate
Terrorism and Counterterrorism: Comparing Theory and Practice,Terrorism and Counterterrorism: Comparing Theory and Practice Universiteit Leiden COURSE Beginner
The Addicted Brain,The Addicted Brain Emory University COURSE Beginner
The Art of Music Production,The Art of Music Production Berklee College of Music COURSE Intermediate
The Art of Sales: Mastering the Selling Process,The Art of Sales: Mastering the Selling Process Northwestern University SPECIALIZATION Beginner
The Arts and Science of Relationships: Understanding Human Needs,The Arts and Science of Relationships: Understanding Human Needs University of Toronto COURSE Beginner
The Bits and Bytes of Computer Networking,The Bits and Bytes of Computer Networking Google COURSE Beginner
The Business of Health Care,The Business of Health Care University of Pennsylvania SPECIALIZATION Beginner
The Business of Music Production,The Business of Music Production Berklee College of Music SPECIALIZATION Beginner
The Changing Global Order,The Changing Global Order Universiteit Leiden COURSE Intermediate
The Cycle: Management of Successful Arts and Cultural Organizations,"The Cycle: Management of Successful Arts and Cultural Organizations University of Maryland, College Park COURSE Beginner"
The DIY Musician,The DIY Musician Berklee College of Music SPECIALIZATION Beginner
The Data Scientist’s Toolbox,The Data Scientist’s Toolbox Johns Hopkins University COURSE Mixed
The Economics of Health Care Delivery,The Economics of Health Care Delivery University of Pennsylvania COURSE Mixed
The Global Financial Crisis,The Global Financial Crisis Yale University COURSE Mixed
The Horse Course: Introduction to Basic Care and Management,The Horse Course: Introduction to Basic Care and Management University of Florida COURSE Mixed
The Manager's Toolkit: A Practical Guide to Managing People at Work,"The Manager's Toolkit: A Practical Guide to Managing People at Work Birkbeck, University of London COURSE Mixed"
"The Modern World, Part One: Global History from 1760 to 1910","The Modern World, Part One: Global History from 1760 to 1910 University of Virginia COURSE Beginner"
"The Modern World, Part Two: Global History since 1910","The Modern World, Part Two: Global History since 1910 University of Virginia COURSE Beginner"
The Oral Cavity: Portal to Health and Disease,The Oral Cavity: Portal to Health and Disease University of Pennsylvania COURSE Intermediate
The Power of Macroeconomics: Economic Principles in the Real World,"The Power of Macroeconomics: Economic Principles in the Real World University of California, Irvine COURSE Mixed"
The Power of Microeconomics: Economic Principles in the Real World,"The Power of Microeconomics: Economic Principles in the Real World University of California, Irvine COURSE Mixed"
The Pronunciation of American English,"The Pronunciation of American English University of California, Irvine SPECIALIZATION Beginner"
The Science of Gastronomy,The Science of Gastronomy The Hong Kong University of Science and Technology COURSE Mixed
The Science of Stem Cells,The Science of Stem Cells American Museum of Natural History COURSE Intermediate
The Science of Success: What Researchers Know that You Should Know,The Science of Success: What Researchers Know that You Should Know University of Michigan COURSE Beginner
The Science of Training Young Athletes,The Science of Training Young Athletes University of Florida COURSE Beginner
The Science of Well-Being,The Science of Well-Being Yale University COURSE Mixed
The Singer Songwriter,The Singer Songwriter Berklee College of Music SPECIALIZATION Beginner
The Social Context of Mental Health and Illness,The Social Context of Mental Health and Illness University of Toronto COURSE Mixed
The Strategy of Content Marketing,"The Strategy of Content Marketing University of California, Davis COURSE Intermediate"
"The Sustainable Development Goals – A global, transdisciplinary vision for the future","The Sustainable Development Goals – A global, transdisciplinary vision for the future University of Copenhagen COURSE Beginner"
The Teacher and Social and Emotional Learning (SEL),The Teacher and Social and Emotional Learning (SEL) University of Colorado Boulder SPECIALIZATION Beginner
The Technology of Music Production,The Technology of Music Production Berklee College of Music COURSE Beginner
The Truth About Cats and Dogs,The Truth About Cats and Dogs The University of Edinburgh COURSE Mixed
The hidden value – Lean in manufacturing and services,The hidden value – Lean in manufacturing and services École des Ponts ParisTech COURSE Beginner
Think Again I: How to Understand Arguments,Think Again I: How to Understand Arguments Duke University COURSE Beginner
Tools for Data Science,Tools for Data Science IBM COURSE Beginner
Trading Strategies in Emerging Markets,Trading Strategies in Emerging Markets Indian School of Business SPECIALIZATION Beginner
"Transmedia Storytelling: Narrative worlds, emerging technologies, and global audiences","Transmedia Storytelling: Narrative worlds, emerging technologies, and global audiences UNSW Sydney (The University of New South Wales) COURSE Mixed"
Tricky American English Pronunciation,"Tricky American English Pronunciation University of California, Irvine COURSE Beginner"
Troubles du spectre de l'autisme : diagnostic,Troubles du spectre de l'autisme : diagnostic University of Geneva COURSE Intermediate
U.S. Federal Taxation,U.S. Federal Taxation University of Illinois at Urbana-Champaign SPECIALIZATION Intermediate
UCI Project Management,"UCI Project Management University of California, Irvine PROFESSIONAL CERTIFICATE Beginner"
UI / UX Design,UI / UX Design California Institute of the Arts SPECIALIZATION Beginner
UX Design Fundamentals,UX Design Fundamentals California Institute of the Arts COURSE Beginner
Understanding Cancer Metastasis,Understanding Cancer Metastasis Johns Hopkins University COURSE Beginner
Understanding Clinical Research: Behind the Statistics,Understanding Clinical Research: Behind the Statistics University of Cape Town COURSE Mixed
Understanding Einstein: The Special Theory of Relativity,Understanding Einstein: The Special Theory of Relativity Stanford University COURSE Beginner
Understanding Medical Research: Your Facebook Friend is Wrong,Understanding Medical Research: Your Facebook Friend is Wrong Yale University COURSE Beginner
Understanding Modern Finance,Understanding Modern Finance American Institute of Business and Economics SPECIALIZATION Intermediate
Understanding Plants - Part I: What a Plant Knows,Understanding Plants - Part I: What a Plant Knows Tel Aviv University COURSE Beginner
Understanding Research Methods,Understanding Research Methods SOAS University of London COURSE Mixed
Understanding and Visualizing Data with Python,Understanding and Visualizing Data with Python University of Michigan COURSE Beginner
Understanding the Brain: The Neurobiology of Everyday Life,Understanding the Brain: The Neurobiology of Everyday Life The University of Chicago COURSE Beginner
Unity Certified Programmer Exam Preparation,Unity Certified Programmer Exam Preparation Unity SPECIALIZATION Intermediate
Unity XR: How to Build AR and VR Apps,Unity XR: How to Build AR and VR Apps Unity SPECIALIZATION Beginner
University Teaching,University Teaching The University of Hong Kong COURSE Beginner
Unraveling the Cycling City,Unraveling the Cycling City University of Amsterdam COURSE Intermediate
User Experience Research and Design,User Experience Research and Design University of Michigan SPECIALIZATION Beginner
User Interface Design,User Interface Design University of Minnesota SPECIALIZATION Intermediate
Using Databases with Python,Using Databases with Python University of Michigan COURSE Mixed
Using Python to Access Web Data,Using Python to Access Web Data University of Michigan COURSE Mixed
Using Python to Interact with the Operating System,Using Python to Interact with the Operating System Google COURSE Beginner
Value Chain Management,Value Chain Management University of Illinois at Urbana-Champaign SPECIALIZATION Intermediate
Version Control with Git,Version Control with Git Atlassian COURSE Mixed
Viral Marketing and How to Craft Contagious Content,Viral Marketing and How to Craft Contagious Content University of Pennsylvania COURSE Mixed
Virtual Reality,"Virtual Reality Goldsmiths, University of London SPECIALIZATION Beginner"
Virtual Teacher,"Virtual Teacher University of California, Irvine SPECIALIZATION Beginner"
Vital Signs: Understanding What the Body Is Telling Us,Vital Signs: Understanding What the Body Is Telling Us University of Pennsylvania COURSE Mixed
Web Applications for Everybody,Web Applications for Everybody University of Michigan SPECIALIZATION Intermediate
Web Design for Everybody: Basics of Web Development & Coding,Web Design for Everybody: Basics of Web Development & Coding University of Michigan SPECIALIZATION Beginner
Weight Management: Beyond Balancing Calories,Weight Management: Beyond Balancing Calories Emory University COURSE Beginner
What Is Contemporary Art?,What Is Contemporary Art? The Museum of Modern Art COURSE Beginner
What future for education?,What future for education? UCL Institute of Education COURSE Mixed
What is Compliance?,What is Compliance? University of Pennsylvania COURSE Mixed
What is Data Science?,What is Data Science? IBM COURSE Beginner
What is Social?,What is Social? Northwestern University COURSE Mixed
Wine Tasting: Sensory Techniques for Wine Analysis,"Wine Tasting: Sensory Techniques for Wine Analysis University of California, Davis COURSE Beginner"
Wonders of Ancient Egypt,Wonders of Ancient Egypt University of Pennsylvania COURSE Intermediate
Write A Feature Length Screenplay For Film Or Television,Write A Feature Length Screenplay For Film Or Television Michigan State University COURSE Beginner
Write Professional Emails in English,Write Professional Emails in English Georgia Institute of Technology COURSE Mixed
Write Your First Novel,Write Your First Novel Michigan State University COURSE Beginner
Writing in the Sciences,Writing in the Sciences Stanford University COURSE Beginner
e-Learning Ecologies: Innovative Approaches to Teaching and Learning for the Digital Age,e-Learning Ecologies: Innovative Approaches to Teaching and Learning for the Digital Age University of Illinois at Urbana-Champaign COURSE Mixed
iOS App Development with Swift,iOS App Development with Swift University of Toronto SPECIALIZATION Intermediate
¿Qué hacen los buenos directivos? Prioridades de la Alta Dirección,¿Qué hacen los buenos directivos? Prioridades de la Alta Dirección IESE Business School COURSE Beginner
Étudier en France: French Intermediate course B1-B2,Étudier en France: French Intermediate course B1-B2 École Polytechnique COURSE Intermediate
Éxito Profesional,"Éxito Profesional University of California, Irvine SPECIALIZATION Beginner"
Искусство ведения бизнеса,Искусство ведения бизнеса Saint Petersburg State University SPECIALIZATION Beginner
Искусство разработки на современном C++,Искусство разработки на современном C++ E-Learning Development Fund SPECIALIZATION Intermediate
Корпоративные финансы и стоимость компании,Корпоративные финансы и стоимость компании National Research University Higher School of Economics SPECIALIZATION Beginner
Математика и Python для анализа данных,Математика и Python для анализа данных E-Learning Development Fund COURSE Beginner
Машинное обучение и анализ данных,Машинное обучение и анализ данных E-Learning Development Fund SPECIALIZATION Intermediate
Основы Digital Маркетинга,Основы Digital Маркетинга National Research University Higher School of Economics SPECIALIZATION Intermediate
Основы программирования на Python,Основы программирования на Python National Research University Higher School of Economics COURSE Beginner
Основы разработки на C++: белый пояс,Основы разработки на C++: белый пояс E-Learning Development Fund COURSE Intermediate
Погружение в Python,Погружение в Python Moscow Institute of Physics and Technology COURSE Intermediate
Программирование на Python,Программирование на Python Mail.Ru Group SPECIALIZATION Intermediate
Психолингвистика (Psycholinguistics),Психолингвистика (Psycholinguistics) Saint Petersburg State University COURSE Mixed
Разработка интерфейсов: вёрстка и JavaScript,Разработка интерфейсов: вёрстка и JavaScript E-Learning Development Fund SPECIALIZATION Intermediate
Русский как иностранный,Русский как иностранный Saint Petersburg State University SPECIALIZATION Intermediate
Финансовые инструменты для частного инвестора,Финансовые инструменты для частного инвестора National Research University Higher School of Economics SPECIALIZATION Beginner
